--新增版本信息
delete from jres_subsystem_rc where subsystem_name='bizframe' and subsystem_ver='1.0.0';
insert into jres_subsystem_rc (subsystem_name, subsystem_ver, begin_time, remark)
values('bizframe', '1.0.0',sysdate, '新建基础业务框架V1.0.0版');

delete from tsys_menu;
delete from tsys_office_user;
delete from tsys_branch_user;
delete from tsys_user_login;
delete from tsys_user_right;
delete from tsys_role_right;
delete from tsys_subtrans;
delete from tsys_trans;
delete from tsys_role_user;
delete from tsys_role;
delete from tsys_user;
delete from tsys_office;
delete from tsys_dep;
delete from tsys_branch;
delete from tsys_dict_item;
delete from tsys_dict_entry;
delete from tsys_parameter;
delete from tsys_kind;


insert into tsys_branch (branch_code,branch_level,branch_name,short_name,parent_code,branch_path,remark,ext_field_1,ext_field_2,ext_field_3) values ('000000','1','机构根','机构根','bizroot','11','','','','');

insert into tsys_dep (dep_code, dep_name, short_name, parent_code, branch_code, remark, ext_field_1, ext_field_2, ext_field_3, dep_path) values ('000000', '部门根', '部门根', 'bizroot', '000000', null, null, null, null, '11');

insert into tsys_office (office_code, office_name, short_name, parent_code, branch_code, dep_code, remark, ext_field_1, ext_field_2, ext_field_3, office_path) values ('000000', '岗位根', '岗位根', 'bizroot', '000000', '000000', null, null, null, null, '11');

insert into tsys_role (role_code, role_name, creator, remark) values ('admin', '系统管理员角色', 'admin', null);

insert into tsys_user (user_id,	branch_code, dep_code, user_name, user_pwd, user_type, user_status, lock_status, create_date, modify_date, pass_modify_date, remark, ext_field_1, ext_field_2, ext_field_3, ext_field_4, ext_field_5) 
	values ('admin', '000000','000000','系统管理员','4c46f2e1706c97ad404393fa22560b3b','0','0','0',20101010,20101010,20101010,'','','','','','');
insert into tsys_user (user_id, branch_code, dep_code, user_name, user_pwd, user_type, user_status, lock_status, create_date, modify_date, pass_modify_date, remark, ext_field_1, ext_field_2, ext_field_3, ext_field_4, ext_field_5) 
	values ('system', '000000', '000000', '系统用户', '29f9c7ad788c0f6be5550590d0caaf45', '0', '0', '0', 20101010, 20101010, 20101010, '','','','','','');
insert into tsys_user (user_id, branch_code, dep_code, user_name, user_pwd, user_type, user_status, lock_status, create_date, modify_date, pass_modify_date, remark, ext_field_1, ext_field_2, ext_field_3, ext_field_4, ext_field_5) 
	values ('111111', '000000', '000000', '授权用户', 'd6a5b22c801a252a74522198a8b6e3a8', '0', '0', '0', 20101010, 20101010, 20101010, '','','','','','');

	
insert into tsys_kind (kind_code,kind_type,kind_name,parent_code,mnemonic,tree_idx,remark) values ('0001','0','数据字典','bizroot','0','#bizroot#0001#','');
insert into tsys_kind (kind_code,kind_type,kind_name,parent_code,mnemonic,tree_idx,remark) values ('0002','1','系统参数','bizroot','1','#bizroot#0002#','');
insert into tsys_kind (kind_code,kind_type,kind_name,parent_code,mnemonic,tree_idx,remark) values ('0003','2','标准字段','bizroot','2','#bizroot#0003#','');
insert into tsys_kind (kind_code,kind_type,kind_name,parent_code,mnemonic,tree_idx,remark) values ('0004','3','系统资源','bizroot','3','#bizroot#0004#','');
insert into tsys_kind (kind_code,kind_type,kind_name,parent_code,mnemonic,tree_idx,remark) values ('0005','4','系统菜单','bizroot','4','#bizroot#0005#','');
insert into tsys_kind (kind_code,kind_type,kind_name,parent_code,mnemonic,tree_idx,remark) values ('0006','5','子系统','bizroot','5','#bizroot#0006#','');
insert into tsys_kind (kind_code,kind_type,kind_name,parent_code,mnemonic,tree_idx,remark) values ('BIZFRAME','5','基础业务框架','0006','123','#bizroot#0006#BIZFRAME#','');
insert into tsys_kind (kind_code,kind_type,kind_name,parent_code,mnemonic,tree_idx,remark) values ('BIZ_PARAM','1','基础参数','0002','param','#bizroot#0002#BIZ_PARAM#','');


insert into tsys_dict_entry (dict_entry_code,kind_code,dict_entry_name,remark,ctrl_flag) values ('BIZ_RIGHT_FLAG','BIZFRAME','授权标志','','');
insert into tsys_dict_entry (dict_entry_code,kind_code,dict_entry_name,remark,ctrl_flag) values ('BIZ_SUB_SYSTEM','BIZFRAME','子系统','','');
insert into tsys_dict_entry (dict_entry_code,kind_code,dict_entry_name,remark,ctrl_flag) values ('BIZ_MODEL','BIZFRAME','模块','','');
insert into tsys_dict_entry (dict_entry_code,kind_code,dict_entry_name,remark,ctrl_flag) values ('BIZ_LOGIN_FLAG','BIZFRAME','登录标志','','');
insert into tsys_dict_entry (dict_entry_code,kind_code,dict_entry_name,remark,ctrl_flag) values ('BIZ_SYN_AUTH','BIZFRAME','同步授权','','');
insert into tsys_dict_entry (dict_entry_code,kind_code,dict_entry_name,remark,ctrl_flag) values ('BIZ_DICT_TYPE','BIZFRAME','数据字典类型','','1');
insert into tsys_dict_entry (dict_entry_code,kind_code,dict_entry_name,remark,ctrl_flag) values ('BIZ_WINDOW_MODEL','BIZFRAME','窗口模式','单例窗口/多例窗口','');
insert into tsys_dict_entry (dict_entry_code,kind_code,dict_entry_name,remark,ctrl_flag) values ('SYS_BRANCH_LEVEL','BIZFRAME','机构级别','机构级别','');
insert into tsys_dict_entry (dict_entry_code,kind_code,dict_entry_name,remark,ctrl_flag) values ('BIZ_WINDOW_CATE','BIZFRAME','窗口类型','','');
insert into tsys_dict_entry (dict_entry_code,kind_code,dict_entry_name,remark,ctrl_flag) values ('BIZ_RIGHT_CATE','BIZFRAME','权限分类','','');
insert into tsys_dict_entry (dict_entry_code,kind_code,dict_entry_name,remark,ctrl_flag) values ('BIZ_SERV_CATE','BIZFRAME','服务分类','','');
insert into tsys_dict_entry (dict_entry_code,kind_code,dict_entry_name,remark,ctrl_flag) values ('BIZ_ORG_DIMEN','BIZFRAME','组织维度','','');
insert into tsys_dict_entry (dict_entry_code,kind_code,dict_entry_name,remark,ctrl_flag) values ('BIZ_ORG_CATE','BIZFRAME','组织分类','','');
insert into tsys_dict_entry (dict_entry_code,kind_code,dict_entry_name,remark,ctrl_flag) values ('BIZ_ORG_LEVEL','BIZFRAME','组织级别','','');
insert into tsys_dict_entry (dict_entry_code,kind_code,dict_entry_name,remark,ctrl_flag) values ('BIZ_USER_CATE','BIZFRAME','用户分类','','');
insert into tsys_dict_entry (dict_entry_code,kind_code,dict_entry_name,remark,ctrl_flag) values ('BIZ_USER_STATUS','BIZFRAME','用户状态','','');
insert into tsys_dict_entry (dict_entry_code,kind_code,dict_entry_name,remark,ctrl_flag) values ('BIZ_LOCK_STATUS','BIZFRAME','锁定状态','','');
insert into tsys_dict_entry (dict_entry_code,kind_code,dict_entry_name,remark,ctrl_flag) values ('BIZ_YES_OR_NO','BIZFRAME','是否标志','','');
insert into tsys_dict_entry (dict_entry_code,kind_code,dict_entry_name,remark,ctrl_flag) values ('BIZ_TIME_CATE','BIZFRAME','时间单位','','');
insert into tsys_dict_entry (dict_entry_code,kind_code,dict_entry_name,remark,ctrl_flag) values ('BIZ_KIND_DIMEN','BIZFRAME','分类维度','','');
insert into tsys_dict_entry (dict_entry_code,kind_code,dict_entry_name,remark,ctrl_flag) values ('BIZ_DB_TYPE','BIZFRAME','数据库分类','zxz','');
insert into tsys_dict_entry (dict_entry_code,kind_code,dict_entry_name,remark,ctrl_flag) values ('FIN_DICT_FLAG','BIZFRAME','条目标志','','');
insert into tsys_dict_entry (dict_entry_code,kind_code,dict_entry_name,remark,ctrl_flag) values ('BIZ_MSG_TYPE','BIZFRAME','消息类型','','');
insert into tsys_dict_entry (dict_entry_code,kind_code,dict_entry_name,remark,ctrl_flag) values ('BIZ_IS_READ','BIZFRAME','已读标志','','');


insert into tsys_dict_item (dict_item_code,dict_entry_code,dict_item_name) values ('1','BIZ_MODEL','系统模块');
insert into tsys_dict_item (dict_item_code,dict_entry_code,dict_item_name) values ('2','BIZ_MODEL','用户模块');
insert into tsys_dict_item (dict_item_code,dict_entry_code,dict_item_name) values ('1','BIZ_SUB_SYSTEM','系统管理');
insert into tsys_dict_item (dict_item_code,dict_entry_code,dict_item_name) values ('2','BIZ_SUB_SYSTEM','工作流');
insert into tsys_dict_item (dict_item_code,dict_entry_code,dict_item_name) values ('1','BIZ_SYN_AUTH','同步授权');
insert into tsys_dict_item (dict_item_code,dict_entry_code,dict_item_name) values ('0','BIZ_SYN_AUTH','无');
insert into tsys_dict_item (dict_item_code,dict_entry_code,dict_item_name) values ('0','BIZ_DICT_TYPE','个性化数据字典');
insert into tsys_dict_item (dict_item_code,dict_entry_code,dict_item_name) values ('1','BIZ_DICT_TYPE','核心数据字典');
insert into tsys_dict_item (dict_item_code,dict_entry_code,dict_item_name) values ('1','BIZ_LOGIN_FLAG','登录');
insert into tsys_dict_item (dict_item_code,dict_entry_code,dict_item_name) values ('0','BIZ_LOGIN_FLAG','无');
insert into tsys_dict_item (dict_item_code,dict_entry_code,dict_item_name) values ('BIZFRAME','BIZ_SUB_SYSTEM','基础业务框架');
insert into tsys_dict_item (dict_item_code,dict_entry_code,dict_item_name) values ('5','BIZ_KIND_DIMEN','子系统');
insert into tsys_dict_item (dict_item_code,dict_entry_code,dict_item_name) values ('3','SYS_BRANCH_LEVEL','级别3');
insert into tsys_dict_item (dict_item_code,dict_entry_code,dict_item_name) values ('1','SYS_BRANCH_LEVEL','级别1');
insert into tsys_dict_item (dict_item_code,dict_entry_code,dict_item_name) values ('2','SYS_BRANCH_LEVEL','级别2');
insert into tsys_dict_item (dict_item_code,dict_entry_code,dict_item_name) values ('0','BIZ_WINDOW_CATE','子窗口');
--insert into tsys_dict_item (dict_item_code,dict_entry_code,dict_item_name) values ('1','BIZ_WINDOW_CATE','弹出窗口');
insert into tsys_dict_item (dict_item_code,dict_entry_code,dict_item_name) values ('0','BIZ_RIGHT_CATE','用户');
insert into tsys_dict_item (dict_item_code,dict_entry_code,dict_item_name) values ('1','BIZ_RIGHT_CATE','角色');
insert into tsys_dict_item (dict_item_code,dict_entry_code,dict_item_name) values ('2','BIZ_RIGHT_CATE','组织');
insert into tsys_dict_item (dict_item_code,dict_entry_code,dict_item_name) values ('0','BIZ_SERV_CATE','服务');
insert into tsys_dict_item (dict_item_code,dict_entry_code,dict_item_name) values ('1','BIZ_SERV_CATE','请求转发');
insert into tsys_dict_item (dict_item_code,dict_entry_code,dict_item_name) values ('0','BIZ_ORG_DIMEN','行政维度');
insert into tsys_dict_item (dict_item_code,dict_entry_code,dict_item_name) values ('1','BIZ_ORG_DIMEN','岗位维度');
insert into tsys_dict_item (dict_item_code,dict_entry_code,dict_item_name) values ('0','BIZ_ORG_CATE','机构');
insert into tsys_dict_item (dict_item_code,dict_entry_code,dict_item_name) values ('1','BIZ_ORG_CATE','部门');
insert into tsys_dict_item (dict_item_code,dict_entry_code,dict_item_name) values ('0','BIZ_ORG_LEVEL','总部');
insert into tsys_dict_item (dict_item_code,dict_entry_code,dict_item_name) values ('1','BIZ_ORG_LEVEL','分行');
insert into tsys_dict_item (dict_item_code,dict_entry_code,dict_item_name) values ('2','BIZ_ORG_LEVEL','支行');
insert into tsys_dict_item (dict_item_code,dict_entry_code,dict_item_name) values ('3','BIZ_ORG_LEVEL','网点');
insert into tsys_dict_item (dict_item_code,dict_entry_code,dict_item_name) values ('0','BIZ_USER_CATE','柜员');
insert into tsys_dict_item (dict_item_code,dict_entry_code,dict_item_name) values ('1','BIZ_USER_CATE','用户');
insert into tsys_dict_item (dict_item_code,dict_entry_code,dict_item_name) values ('0','BIZ_USER_STATUS','正常');
insert into tsys_dict_item (dict_item_code,dict_entry_code,dict_item_name) values ('1','BIZ_USER_STATUS','注销');
insert into tsys_dict_item (dict_item_code,dict_entry_code,dict_item_name) values ('2','BIZ_USER_STATUS','禁用');
insert into tsys_dict_item (dict_item_code,dict_entry_code,dict_item_name) values ('0','BIZ_LOCK_STATUS','签退');
insert into tsys_dict_item (dict_item_code,dict_entry_code,dict_item_name) values ('1','BIZ_LOCK_STATUS','登录');
insert into tsys_dict_item (dict_item_code,dict_entry_code,dict_item_name) values ('2','BIZ_LOCK_STATUS','非正常签退');
insert into tsys_dict_item (dict_item_code,dict_entry_code,dict_item_name) values ('3','BIZ_LOCK_STATUS','锁定');
insert into tsys_dict_item (dict_item_code,dict_entry_code,dict_item_name) values ('4','BIZ_LOCK_STATUS','密码锁定');
insert into tsys_dict_item (dict_item_code,dict_entry_code,dict_item_name) values ('0','BIZ_YES_OR_NO','否');
insert into tsys_dict_item (dict_item_code,dict_entry_code,dict_item_name) values ('1','BIZ_YES_OR_NO','是');
insert into tsys_dict_item (dict_item_code,dict_entry_code,dict_item_name) values ('0','BIZ_TIME_CATE','天');
insert into tsys_dict_item (dict_item_code,dict_entry_code,dict_item_name) values ('1','BIZ_TIME_CATE','周');
insert into tsys_dict_item (dict_item_code,dict_entry_code,dict_item_name) values ('2','BIZ_TIME_CATE','月');
insert into tsys_dict_item (dict_item_code,dict_entry_code,dict_item_name) values ('3','BIZ_TIME_CATE','年');
insert into tsys_dict_item (dict_item_code,dict_entry_code,dict_item_name) values ('0','BIZ_KIND_DIMEN','数据字典');
insert into tsys_dict_item (dict_item_code,dict_entry_code,dict_item_name) values ('1','BIZ_KIND_DIMEN','系统参数');
insert into tsys_dict_item (dict_item_code,dict_entry_code,dict_item_name) values ('2','BIZ_KIND_DIMEN','标准字段');
insert into tsys_dict_item (dict_item_code,dict_entry_code,dict_item_name) values ('3','BIZ_KIND_DIMEN','系统资源');
insert into tsys_dict_item (dict_item_code,dict_entry_code,dict_item_name) values ('4','BIZ_KIND_DIMEN','系统菜单');
insert into tsys_dict_item (dict_item_code,dict_entry_code,dict_item_name) values ('0','BIZ_DB_TYPE','Oracle');
insert into tsys_dict_item (dict_item_code,dict_entry_code,dict_item_name) values ('1','BIZ_DB_TYPE','DB2');
insert into tsys_dict_item (dict_item_code,dict_entry_code,dict_item_name) values ('2','BIZ_DB_TYPE','SQL Server');
insert into tsys_dict_item (dict_item_code,dict_entry_code,dict_item_name) values ('3','BIZ_DB_TYPE','MySQL');
insert into tsys_dict_item (dict_item_code,dict_entry_code,dict_item_name) values ('4','BIZ_DB_TYPE','Infomix');
insert into tsys_dict_item (dict_item_code,dict_entry_code,dict_item_name) values ('5','BIZ_DB_TYPE','Sybase');
insert into tsys_dict_item (dict_item_code,dict_entry_code,dict_item_name) values ('0','FIN_DICT_FLAG','核心');
insert into tsys_dict_item (dict_item_code,dict_entry_code,dict_item_name) values ('1','FIN_DICT_FLAG','周边');
insert into tsys_dict_item (dict_item_code,dict_entry_code,dict_item_name) values ('1','BIZ_RIGHT_FLAG','操作');
insert into tsys_dict_item (dict_item_code,dict_entry_code,dict_item_name) values ('2','BIZ_RIGHT_FLAG','授权');
insert into tsys_dict_item (dict_item_code,dict_entry_code,dict_item_name) values ('1','BIZ_MSG_TYPE','站内邮件');
insert into tsys_dict_item (dict_item_code,dict_entry_code,dict_item_name) values ('2','BIZ_MSG_TYPE','站内消息');
insert into tsys_dict_item (dict_item_code,dict_entry_code,dict_item_name) values ('0','BIZ_IS_READ','未读');
insert into tsys_dict_item (dict_item_code,dict_entry_code,dict_item_name) values ('1','BIZ_IS_READ','已读');


insert into tsys_trans (trans_code,trans_name,kind_code,model_code,remark) values ('bizMenu','系统菜单','BIZFRAME','1','');
insert into tsys_trans (trans_code,trans_name,kind_code,model_code,remark) values ('bizSetBranch','机构设置','BIZFRAME','1','');
insert into tsys_trans (trans_code,trans_name,kind_code,model_code,remark) values ('bizSetDep','部门设置','BIZFRAME','2','');
insert into tsys_trans (trans_code,trans_name,kind_code,model_code,remark) values ('bizSetDict','数据字典设置','BIZFRAME','1','');
insert into tsys_trans (trans_code,trans_name,kind_code,model_code,remark) values ('bizSetKind','系统类别设置','BIZFRAME','1','');
insert into tsys_trans (trans_code,trans_name,kind_code,model_code,remark) values ('bizSetOffice','岗位设置','BIZFRAME','2','');
insert into tsys_trans (trans_code,trans_name,kind_code,model_code,remark) values ('bizSetParam','系统参数设置','BIZFRAME','1','');
insert into tsys_trans (trans_code,trans_name,kind_code,model_code,remark) values ('bizSetRight','权限设置','BIZFRAME','1','');
insert into tsys_trans (trans_code,trans_name,kind_code,model_code,remark) values ('bizSetRole','角色设置','BIZFRAME','2','');
insert into tsys_trans (trans_code,trans_name,kind_code,model_code,remark) values ('bizSetRoleUser','角色用户关联设置','BIZFRAME','2','');
insert into tsys_trans (trans_code,trans_name,kind_code,model_code,remark) values ('bizSetSubTrans','子交易设置','BIZFRAME','2','');
insert into tsys_trans (trans_code,trans_name,kind_code,model_code,remark) values ('bizSetTrans','交易设置','BIZFRAME','1','');
insert into tsys_trans (trans_code,trans_name,kind_code,model_code,remark) values ('bizSetUser','用户设置','BIZFRAME','2','');
insert into tsys_trans (trans_code,trans_name,kind_code,model_code,remark) values ('bizSign','签名服务','BIZFRAME','1','');
insert into tsys_trans (trans_code,trans_name,kind_code,model_code,remark) values ('bizSysManager','系统管理','BIZFRAME','1','');
insert into tsys_trans (trans_code,trans_name,kind_code,model_code,remark) values ('bizSysStatus','系统状态信息','BIZFRAME','1','');
insert into tsys_trans (trans_code,trans_name,kind_code,model_code,remark) values ('bizTrancTest','交易设置','BIZFRAME','1','bizTrancTestsasas');
insert into tsys_trans (trans_code,trans_name,kind_code,model_code,remark) values ('bizUserManager','用户管理','BIZFRAME','2','');
insert into tsys_trans (trans_code,trans_name,kind_code,model_code,remark) values ('bizVersionInfo','版本信息','BIZFRAME','1','');
insert into tsys_trans (trans_code,trans_name,kind_code,model_code,remark) values ('bizSetCache','系统缓存设置','BIZFRAME','1','');
insert into tsys_trans (trans_code,trans_name,kind_code,model_code,remark) values ('bizMsgManager','消息管理','BIZFRAME','1','');


insert into tsys_subtrans (trans_code,sub_trans_code,rel_serv,rel_url,ctrl_flag,login_flag,remark,ext_field_1,ext_field_2,ext_field_3,sub_trans_name) values ('bizSign','bizSignOut','bizframe.framework._signOut','bizframe/login.jsp','','0','','','','','签退');
insert into tsys_subtrans (trans_code,sub_trans_code,rel_serv,rel_url,ctrl_flag,login_flag,remark,ext_field_1,ext_field_2,ext_field_3,sub_trans_name) values ('bizSign','bizSignIn','bizframe.framework._signIn','bizframe/homepage/desktop/indexFrame.jsp','','0','','','','','用户登录');
insert into tsys_subtrans (trans_code,sub_trans_code,rel_serv,rel_url,ctrl_flag,login_flag,remark,ext_field_1,ext_field_2,ext_field_3,sub_trans_name) values ('bizSign','bizSignIn2','bizframe.framework._signIn','bizframe/homepage/default/indexFrame.jsp','','0','','','','','默认登录');
insert into tsys_subtrans (trans_code,sub_trans_code,rel_serv,rel_url,ctrl_flag,login_flag,remark,ext_field_1,ext_field_2,ext_field_3,sub_trans_name) values ('bizSetSubTrans','bizAuthneedAuth','bizframe.authority.right.TransAuth','','','0','','','','','请求同步授权');
insert into tsys_subtrans (trans_code,sub_trans_code,rel_serv,rel_url,ctrl_flag,login_flag,remark,ext_field_1,ext_field_2,ext_field_3,sub_trans_name) values ('bizSetSubTrans','bizAuthAuth','bizframe.authority.right.TransAuth','','','0','','','','','同步授权');

insert into tsys_subtrans (trans_code,sub_trans_code,rel_serv,rel_url,ctrl_flag,login_flag,remark,ext_field_1,ext_field_2,ext_field_3,sub_trans_name) values ('bizUserManager','bizUserManager','','','','1','','','','','用户管理');

insert into tsys_subtrans (trans_code,sub_trans_code,rel_serv,rel_url,ctrl_flag,login_flag,remark,ext_field_1,ext_field_2,ext_field_3,sub_trans_name) values ('bizSetOffice','bizOfficeFind','bizframe.authority.office.findOffice','bizframe/authority/officeManage.mw','','1','','','','','岗位查找');
insert into tsys_subtrans (trans_code,sub_trans_code,rel_serv,rel_url,ctrl_flag,login_flag,remark,ext_field_1,ext_field_2,ext_field_3,sub_trans_name) values ('bizSetOffice','bizOfficeDownload','bizframe.authority.office.downloadOffice','','1','1','','','','','岗位下载');
insert into tsys_subtrans (trans_code,sub_trans_code,rel_serv,rel_url,ctrl_flag,login_flag,remark,ext_field_1,ext_field_2,ext_field_3,sub_trans_name) values ('bizSetOffice','bizOfficeAdd','bizframe.authority.office.addOffice','','1','1','','','','','岗位新增');
insert into tsys_subtrans (trans_code,sub_trans_code,rel_serv,rel_url,ctrl_flag,login_flag,remark,ext_field_1,ext_field_2,ext_field_3,sub_trans_name) values ('bizSetOffice','bizOfficeEdit','bizframe.authority.office.editOffice','','1','1','','','','','岗位编辑');
insert into tsys_subtrans (trans_code,sub_trans_code,rel_serv,rel_url,ctrl_flag,login_flag,remark,ext_field_1,ext_field_2,ext_field_3,sub_trans_name) values ('bizSetOffice','bizOfficeDel','bizframe.authority.office.delOffice','','1','1','','','','','岗位删除');

insert into tsys_subtrans (trans_code,sub_trans_code,rel_serv,rel_url,ctrl_flag,login_flag,remark,ext_field_1,ext_field_2,ext_field_3,sub_trans_name) values ('bizSetUser','bizSetUserFind','bizframe.authority.user._userService','bizframe/authority/userManage.mw','','1','','','','','用户查找');
insert into tsys_subtrans (trans_code,sub_trans_code,rel_serv,rel_url,ctrl_flag,login_flag,remark,ext_field_1,ext_field_2,ext_field_3,sub_trans_name) values ('bizSetUser','bizResetPass','bizframe.authority.user._userService','','1','1','','','','','用户清密');
insert into tsys_subtrans (trans_code,sub_trans_code,rel_serv,rel_url,ctrl_flag,login_flag,remark,ext_field_1,ext_field_2,ext_field_3,sub_trans_name) values ('bizSetUser','bizUserAdd','bizframe.authority.user._userService','','1','1','','','','','用户新增');
insert into tsys_subtrans (trans_code,sub_trans_code,rel_serv,rel_url,ctrl_flag,login_flag,remark,ext_field_1,ext_field_2,ext_field_3,sub_trans_name) values ('bizSetUser','bizUserModfiy','bizframe.authority.user._userService','','1','1','','','','','用户修改');
insert into tsys_subtrans (trans_code,sub_trans_code,rel_serv,rel_url,ctrl_flag,login_flag,remark,ext_field_1,ext_field_2,ext_field_3,sub_trans_name) values ('bizSetUser','bizUserRemove','bizframe.authority.user._userService','','1','1','','','','','用户删除');
insert into tsys_subtrans (trans_code,sub_trans_code,rel_serv,rel_url,ctrl_flag,login_flag,remark,ext_field_1,ext_field_2,ext_field_3,sub_trans_name) values ('bizSetUser','bizUserModiPass','bizframe.authority.user._userService','','','0','','','','','修改密码');
insert into tsys_subtrans (trans_code,sub_trans_code,rel_serv,rel_url,ctrl_flag,login_flag,remark,ext_field_1,ext_field_2,ext_field_3,sub_trans_name) values ('bizSetUser','bizBindRole','bizframe.authority.user._userService','','1','1','','','','','用户关联角色');
insert into tsys_subtrans (trans_code,sub_trans_code,rel_serv,rel_url,ctrl_flag,login_flag,remark,ext_field_1,ext_field_2,ext_field_3,sub_trans_name) values ('bizSetUser','bizBindBranch','bizframe.authority.user._userService','','1','1','','','','','用户关联机构');
insert into tsys_subtrans (trans_code,sub_trans_code,rel_serv,rel_url,ctrl_flag,login_flag,remark,ext_field_1,ext_field_2,ext_field_3,sub_trans_name) values ('bizSetUser','bizUserDownlaod','bizframe.authority.user._userService','','0','0','','','','','用户下载');
insert into tsys_subtrans (trans_code,sub_trans_code,rel_serv,rel_url,ctrl_flag,login_flag,remark,ext_field_1,ext_field_2,ext_field_3,sub_trans_name) values ('bizSetUser','bizUnBindBranch','bizframe.authority.user._userService','','1','1','','','','','用户关联机构解绑');
insert into tsys_subtrans (trans_code,sub_trans_code,rel_serv,rel_url,ctrl_flag,login_flag,remark,ext_field_1,ext_field_2,ext_field_3,sub_trans_name) values ('bizSetUser','bizAssoBranch','bizframe.authority.user._userService','','','1','','','','','用户关联机构查找');
insert into tsys_subtrans (trans_code,sub_trans_code,rel_serv,rel_url,ctrl_flag,login_flag,remark,ext_field_1,ext_field_2,ext_field_3,sub_trans_name) values ('bizSetUser','bizUserLock','bizframe.authority.user._userService','','1','1','','','','','用户锁定');
insert into tsys_subtrans (trans_code,sub_trans_code,rel_serv,rel_url,ctrl_flag,login_flag,remark,ext_field_1,ext_field_2,ext_field_3,sub_trans_name) values ('bizSetUser','bizUserUnLock','bizframe.authority.user._userService','','1','1','','','','','用户解锁');
insert into tsys_subtrans (trans_code,sub_trans_code,rel_serv,rel_url,ctrl_flag,login_flag,remark,ext_field_1,ext_field_2,ext_field_3,sub_trans_name) values ('bizSetUser','bizUserOpAuth','bizframe.authority.user._userService','','1','1','','','','','用户操作授权');
insert into tsys_subtrans (trans_code,sub_trans_code,rel_serv,rel_url,ctrl_flag,login_flag,remark,ext_field_1,ext_field_2,ext_field_3,sub_trans_name) values ('bizSetUser','bizUserRightAuth','bizframe.authority.user._userService','','1','1','','','','','用户权限授权');
insert into tsys_subtrans (trans_code,sub_trans_code,rel_serv,rel_url,ctrl_flag,login_flag,remark,ext_field_1,ext_field_2,ext_field_3,sub_trans_name) values ('bizSetUser','bizUserGetUI','','bizframe.authority.user._userService','','','','','','','获取用户设置界面配置');

insert into tsys_subtrans (trans_code,sub_trans_code,rel_serv,rel_url,ctrl_flag,login_flag,remark,ext_field_1,ext_field_2,ext_field_3,sub_trans_name) values ('bizSetRole','bizSetRoleFind','bizframe.authority.role.roleQuery','bizframe/authority/roleManagement.mw','','1','','','','','角色查找');
insert into tsys_subtrans (trans_code,sub_trans_code,rel_serv,rel_url,ctrl_flag,login_flag,remark,ext_field_1,ext_field_2,ext_field_3,sub_trans_name) values ('bizSetRole','bizSetRoleAdd','','','1','1','','','','','角色添加');
insert into tsys_subtrans (trans_code,sub_trans_code,rel_serv,rel_url,ctrl_flag,login_flag,remark,ext_field_1,ext_field_2,ext_field_3,sub_trans_name) values ('bizSetRole','bizSetRoleEdit','','','1','1','','','','','角色修改');
insert into tsys_subtrans (trans_code,sub_trans_code,rel_serv,rel_url,ctrl_flag,login_flag,remark,ext_field_1,ext_field_2,ext_field_3,sub_trans_name) values ('bizSetRole','bizSetRoleDelete','','','1','1','','','','','角色删除');
insert into tsys_subtrans (trans_code,sub_trans_code,rel_serv,rel_url,ctrl_flag,login_flag,remark,ext_field_1,ext_field_2,ext_field_3,sub_trans_name) values ('bizSetRole','bizSetRoleARight','','','','1','','','','','角色授权权限');
insert into tsys_subtrans (trans_code,sub_trans_code,rel_serv,rel_url,ctrl_flag,login_flag,remark,ext_field_1,ext_field_2,ext_field_3,sub_trans_name) values ('bizSetRole','bizSetRoleORight','','','','1','','','','','角色操作权限');
insert into tsys_subtrans (trans_code,sub_trans_code,rel_serv,rel_url,ctrl_flag,login_flag,remark,ext_field_1,ext_field_2,ext_field_3,sub_trans_name) values ('bizSetRoleUser','bizCancelUR','bizframe.authority.roleuser._roleUserService','','1','1','','','','','取消分配角色');
insert into tsys_subtrans (trans_code,sub_trans_code,rel_serv,rel_url,ctrl_flag,login_flag,remark,ext_field_1,ext_field_2,ext_field_3,sub_trans_name) values ('bizSetRoleUser','bizGiveUR','bizframe.authority.roleuser._roleUserService','','1','1','','','','','分配角色');
insert into tsys_subtrans (trans_code,sub_trans_code,rel_serv,rel_url,ctrl_flag,login_flag,remark,ext_field_1,ext_field_2,ext_field_3,sub_trans_name) values ('bizSetRoleUser','bizToAllotRole','bizframe.authority.roleuser._roleUserService','','','1','','','','','用户待分配角色');
insert into tsys_subtrans (trans_code,sub_trans_code,rel_serv,rel_url,ctrl_flag,login_flag,remark,ext_field_1,ext_field_2,ext_field_3,sub_trans_name) values ('bizSetRoleUser','bizAllotRole','bizframe.authority.roleuser._roleUserService','','','1','','','','','用户已分配角色');

insert into tsys_subtrans (trans_code,sub_trans_code,rel_serv,rel_url,ctrl_flag,login_flag,remark,ext_field_1,ext_field_2,ext_field_3,sub_trans_name) values ('bizSetRight','bizSetRightCheck','bizframe.authority.right.checkRight','','','0','','','','','权限校验');
insert into tsys_subtrans (trans_code,sub_trans_code,rel_serv,rel_url,ctrl_flag,login_flag,remark,ext_field_1,ext_field_2,ext_field_3,sub_trans_name) values ('bizSetRight','bizToOpAuth','bizframe.authority.right._rightService','','1','1','','','','','待授权的操作权限');
insert into tsys_subtrans (trans_code,sub_trans_code,rel_serv,rel_url,ctrl_flag,login_flag,remark,ext_field_1,ext_field_2,ext_field_3,sub_trans_name) values ('bizSetRight','bizOpAuthed','bizframe.authority.right._rightService','','1','1','','','','','已授权的操作权限');
insert into tsys_subtrans (trans_code,sub_trans_code,rel_serv,rel_url,ctrl_flag,login_flag,remark,ext_field_1,ext_field_2,ext_field_3,sub_trans_name) values ('bizSetRight','bizToRightAuth','bizframe.authority.right._rightService','','1','1','','','','','待授权的授权权限');
insert into tsys_subtrans (trans_code,sub_trans_code,rel_serv,rel_url,ctrl_flag,login_flag,remark,ext_field_1,ext_field_2,ext_field_3,sub_trans_name) values ('bizSetRight','bizRightAuthed','bizframe.authority.right._rightService','','1','1','','','','','已授权的授权权限');
insert into tsys_subtrans (trans_code,sub_trans_code,rel_serv,rel_url,ctrl_flag,login_flag,remark,ext_field_1,ext_field_2,ext_field_3,sub_trans_name) values ('bizSetRight','bizGiveAuthR','bizframe.authority.right._rightService','','1','1','','','','','授授权权限');
insert into tsys_subtrans (trans_code,sub_trans_code,rel_serv,rel_url,ctrl_flag,login_flag,remark,ext_field_1,ext_field_2,ext_field_3,sub_trans_name) values ('bizSetRight','bizGiveOpR','bizframe.authority.right._rightService','','1','1','','','','','授操作权限');
insert into tsys_subtrans (trans_code,sub_trans_code,rel_serv,rel_url,ctrl_flag,login_flag,remark,ext_field_1,ext_field_2,ext_field_3,sub_trans_name) values ('bizSetRight','bizRoleARightAdd','','','1','1','','','','','角色授权权限新增');
insert into tsys_subtrans (trans_code,sub_trans_code,rel_serv,rel_url,ctrl_flag,login_flag,remark,ext_field_1,ext_field_2,ext_field_3,sub_trans_name) values ('bizSetRight','bizRoleARightDlt','','','1','1','','','','','角色授权权限删除');
insert into tsys_subtrans (trans_code,sub_trans_code,rel_serv,rel_url,ctrl_flag,login_flag,remark,ext_field_1,ext_field_2,ext_field_3,sub_trans_name) values ('bizSetRight','bizRoleURhtFind','','','','1','','','','','角色权限查找');
insert into tsys_subtrans (trans_code,sub_trans_code,rel_serv,rel_url,ctrl_flag,login_flag,remark,ext_field_1,ext_field_2,ext_field_3,sub_trans_name) values ('bizSetRight','bizRoleRightFind','','','','1','','','','','角色权限查找');
insert into tsys_subtrans (trans_code,sub_trans_code,rel_serv,rel_url,ctrl_flag,login_flag,remark,ext_field_1,ext_field_2,ext_field_3,sub_trans_name) values ('bizSetRight','bizRoleRightAdd','','','1','1','','','','','角色操作权限新增');
insert into tsys_subtrans (trans_code,sub_trans_code,rel_serv,rel_url,ctrl_flag,login_flag,remark,ext_field_1,ext_field_2,ext_field_3,sub_trans_name) values ('bizSetRight','bizRoleRightDlt','','','1','1','','','','','角色操作权限删除');
insert into tsys_subtrans (trans_code,sub_trans_code,rel_serv,rel_url,ctrl_flag,login_flag,remark,ext_field_1,ext_field_2,ext_field_3,sub_trans_name) values ('bizSetRight','bizCancelAuthR','bizframe.authority.right._rightService','','1','1','','','','','取消授权权限');
insert into tsys_subtrans (trans_code,sub_trans_code,rel_serv,rel_url,ctrl_flag,login_flag,remark,ext_field_1,ext_field_2,ext_field_3,sub_trans_name) values ('bizSetRight','bizCancelOpR','bizframe.authority.right._rightService','','1','1','','','','','取消操作权限');

insert into tsys_subtrans (trans_code,sub_trans_code,rel_serv,rel_url,ctrl_flag,login_flag,remark,ext_field_1,ext_field_2,ext_field_3,sub_trans_name) values ('bizSetDep','bizDepFind','bizframe.authority.department.findDep','bizframe/authority/depManage.mw','','1','','','','','部门查找');
insert into tsys_subtrans (trans_code,sub_trans_code,rel_serv,rel_url,ctrl_flag,login_flag,remark,ext_field_1,ext_field_2,ext_field_3,sub_trans_name) values ('bizSetDep','bizDepDownload','bizframe.authority.department.downloadDep','','1','1','','','','','部门下载');
insert into tsys_subtrans (trans_code,sub_trans_code,rel_serv,rel_url,ctrl_flag,login_flag,remark,ext_field_1,ext_field_2,ext_field_3,sub_trans_name) values ('bizSetDep','bizDepAdd','bizframe.authority.department.addDep','','1','1','','','','','部门新增');
insert into tsys_subtrans (trans_code,sub_trans_code,rel_serv,rel_url,ctrl_flag,login_flag,remark,ext_field_1,ext_field_2,ext_field_3,sub_trans_name) values ('bizSetDep','bizDepEdit','bizframe.authority.department.editDep','','1','1','','','','','部门编辑');
insert into tsys_subtrans (trans_code,sub_trans_code,rel_serv,rel_url,ctrl_flag,login_flag,remark,ext_field_1,ext_field_2,ext_field_3,sub_trans_name) values ('bizSetDep','bizDepDel','bizframe.authority.department.delDep','','1','1','','','','','部门删除');

insert into tsys_subtrans (trans_code,sub_trans_code,rel_serv,rel_url,ctrl_flag,login_flag,remark,ext_field_1,ext_field_2,ext_field_3,sub_trans_name) values ('bizSetBranch','bizBranchFind','bizframe.authority.branch.findBranch','bizframe/authority/branchManage.mw','','1','','','','','机构查找');
insert into tsys_subtrans (trans_code,sub_trans_code,rel_serv,rel_url,ctrl_flag,login_flag,remark,ext_field_1,ext_field_2,ext_field_3,sub_trans_name) values ('bizSetBranch','bizBranchAdd','bizframe.authority.branch.addBranch','','1','1','','','','','机构添加');
insert into tsys_subtrans (trans_code,sub_trans_code,rel_serv,rel_url,ctrl_flag,login_flag,remark,ext_field_1,ext_field_2,ext_field_3,sub_trans_name) values ('bizSetBranch','bizDepBranchFind','bizframe.authority.organization.findDepByBranch','','','0','','','','','部门查找');
insert into tsys_subtrans (trans_code,sub_trans_code,rel_serv,rel_url,ctrl_flag,login_flag,remark,ext_field_1,ext_field_2,ext_field_3,sub_trans_name) values ('bizSetBranch','bizOfficeFind','bizframe.authority.organization.findOfficeByDep','','','0','','','','','岗位查找');
insert into tsys_subtrans (trans_code,sub_trans_code,rel_serv,rel_url,ctrl_flag,login_flag,remark,ext_field_1,ext_field_2,ext_field_3,sub_trans_name) values ('bizSetBranch','bizSubBranchFind','bizframe.authority.organization.findSubBranch','','','0','','','','','下级机构查找');
insert into tsys_subtrans (trans_code,sub_trans_code,rel_serv,rel_url,ctrl_flag,login_flag,remark,ext_field_1,ext_field_2,ext_field_3,sub_trans_name) values ('bizSetBranch','bizBranchEdit','bizframe.authority.branch.editBranch','','1','1','','','','','机构编辑');
insert into tsys_subtrans (trans_code,sub_trans_code,rel_serv,rel_url,ctrl_flag,login_flag,remark,ext_field_1,ext_field_2,ext_field_3,sub_trans_name) values ('bizSetBranch','bizBranchDel','bizframe.authority.branch.delBranch','','1','1','','','','','机构删除');
insert into tsys_subtrans (trans_code,sub_trans_code,rel_serv,rel_url,ctrl_flag,login_flag,remark,ext_field_1,ext_field_2,ext_field_3,sub_trans_name) values ('bizSetBranch','bizBranchDownload','bizframe.authority.branch.downloadBranch','','1','1','','','','','机构下载');
insert into tsys_subtrans (trans_code,sub_trans_code,rel_serv,rel_url,ctrl_flag,login_flag,remark,ext_field_1,ext_field_2,ext_field_3,sub_trans_name) values ('bizSetBranch','queryBranchUser','bizframe.authority.organization.findGUser','','','1','','','','','查询机构下用户');

insert into tsys_subtrans (trans_code,sub_trans_code,rel_serv,rel_url,ctrl_flag,login_flag,remark,ext_field_1,ext_field_2,ext_field_3,sub_trans_name) values ('bizSysManager','bizSysManager','','','','1','','','','','系统管理');

insert into tsys_subtrans (trans_code,sub_trans_code,rel_serv,rel_url,ctrl_flag,login_flag,remark,ext_field_1,ext_field_2,ext_field_3,sub_trans_name) values ('bizSetTrans','bizTransFind','bizframe.authority.sysTrans.findSysTrans','bizframe/authority/sysTransManage.mw','','1','','','','','交易查找');
insert into tsys_subtrans (trans_code,sub_trans_code,rel_serv,rel_url,ctrl_flag,login_flag,remark,ext_field_1,ext_field_2,ext_field_3,sub_trans_name) values ('bizSetTrans','bizTransAdd','','','1','1','','','','','交易添加');
insert into tsys_subtrans (trans_code,sub_trans_code,rel_serv,rel_url,ctrl_flag,login_flag,remark,ext_field_1,ext_field_2,ext_field_3,sub_trans_name) values ('bizSetTrans','bizTransRemove','','','1','1','','','','','交易删除');
insert into tsys_subtrans (trans_code,sub_trans_code,rel_serv,rel_url,ctrl_flag,login_flag,remark,ext_field_1,ext_field_2,ext_field_3,sub_trans_name) values ('bizSetTrans','bizTransModify','','','1','1','','','','','交易修改');
insert into tsys_subtrans (trans_code,sub_trans_code,rel_serv,rel_url,ctrl_flag,login_flag,remark,ext_field_1,ext_field_2,ext_field_3,sub_trans_name) values ('bizSetTrans','bizTransExport','bizframe.authority.sysTrans.exportSysTrans','','1','1','','','','','交易导出');
insert into tsys_subtrans (trans_code,sub_trans_code,rel_serv,rel_url,ctrl_flag,login_flag,remark,ext_field_1,ext_field_2,ext_field_3,sub_trans_name) values ('bizSetTrans','bizTransDownload','bizframe.authority.sysTrans.downloadSysTrans','','1','1','','','','','交易下载');

insert into tsys_subtrans (trans_code,sub_trans_code,rel_serv,rel_url,ctrl_flag,login_flag,remark,ext_field_1,ext_field_2,ext_field_3,sub_trans_name) values ('bizSetSubTrans','bizSubTransFind','','','','1','','','','','子交易查找');
insert into tsys_subtrans (trans_code,sub_trans_code,rel_serv,rel_url,ctrl_flag,login_flag,remark,ext_field_1,ext_field_2,ext_field_3,sub_trans_name) values ('bizSetSubTrans','bizSubTransAdd','','','1','1','','','','','子交易添加');
insert into tsys_subtrans (trans_code,sub_trans_code,rel_serv,rel_url,ctrl_flag,login_flag,remark,ext_field_1,ext_field_2,ext_field_3,sub_trans_name) values ('bizSetSubTrans','bizSubTransDel','','','1','1','','','','','子交易删除');
insert into tsys_subtrans (trans_code,sub_trans_code,rel_serv,rel_url,ctrl_flag,login_flag,remark,ext_field_1,ext_field_2,ext_field_3,sub_trans_name) values ('bizSetSubTrans','bizSubTransEdit','','','1','1','','','','','子交易修改');
insert into tsys_subtrans (trans_code,sub_trans_code,rel_serv,rel_url,ctrl_flag,login_flag,remark,ext_field_1,ext_field_2,ext_field_3,sub_trans_name) values ('bizSetSubTrans','bizSubTransExport','bizframe.authority.subSysTrans.exportSubSysTrans','','1','1','','','','','子交易导出');
insert into tsys_subtrans (trans_code,sub_trans_code,rel_serv,rel_url,ctrl_flag,login_flag,remark,ext_field_1,ext_field_2,ext_field_3,sub_trans_name) values ('bizSetSubTrans','bizSubTransDownload','bizframe.authority.subSysTrans.downloadSubSysTrans','','1','1','','','','','子交易下载');

insert into tsys_subtrans (trans_code,sub_trans_code,rel_serv,rel_url,ctrl_flag,login_flag,remark,ext_field_1,ext_field_2,ext_field_3,sub_trans_name) values ('bizSetKind','bizSetKindFind','bizframe.kind.fetchKindList','bizframe/kind/kindManagement.mw','','1','','','','','类别查找  ');
insert into tsys_subtrans (trans_code,sub_trans_code,rel_serv,rel_url,ctrl_flag,login_flag,remark,ext_field_1,ext_field_2,ext_field_3,sub_trans_name) values ('bizSetKind','bizSetKindAdd','','','1','1','','','','','类别添加');
insert into tsys_subtrans (trans_code,sub_trans_code,rel_serv,rel_url,ctrl_flag,login_flag,remark,ext_field_1,ext_field_2,ext_field_3,sub_trans_name) values ('bizSetKind','bizSetKindEdit','','','1','1','','','','','类别修改');
insert into tsys_subtrans (trans_code,sub_trans_code,rel_serv,rel_url,ctrl_flag,login_flag,remark,ext_field_1,ext_field_2,ext_field_3,sub_trans_name) values ('bizSetKind','bizSetKindDelete','','','1','1','','','','','类别删除');
insert into tsys_subtrans (trans_code,sub_trans_code,rel_serv,rel_url,ctrl_flag,login_flag,remark,ext_field_1,ext_field_2,ext_field_3,sub_trans_name) values ('bizSetKind','bizKindFind','bizframe.dictionary.findKindTree','','','1','','','','','获取分类树');

insert into tsys_subtrans (trans_code,sub_trans_code,rel_serv,rel_url,ctrl_flag,login_flag,remark,ext_field_1,ext_field_2,ext_field_3,sub_trans_name) values ('bizSetParam','bizSetParamFind','bizframe.parameter.paramQuerySvc','bizframe/parameter/sysParameter.mw','','1','','','','','参数查找');
insert into tsys_subtrans (trans_code,sub_trans_code,rel_serv,rel_url,ctrl_flag,login_flag,remark,ext_field_1,ext_field_2,ext_field_3,sub_trans_name) values ('bizSetParam','bizSetParamAdd','','','1','1','','','','','参数增加');
insert into tsys_subtrans (trans_code,sub_trans_code,rel_serv,rel_url,ctrl_flag,login_flag,remark,ext_field_1,ext_field_2,ext_field_3,sub_trans_name) values ('bizSetParam','bizSetParamEdit','','','1','1','','','','','参数修改');
insert into tsys_subtrans (trans_code,sub_trans_code,rel_serv,rel_url,ctrl_flag,login_flag,remark,ext_field_1,ext_field_2,ext_field_3,sub_trans_name) values ('bizSetParam','bizSetParamDlt','','','1','1','','','','','参数删除');

insert into tsys_subtrans (trans_code,sub_trans_code,rel_serv,rel_url,ctrl_flag,login_flag,remark,ext_field_1,ext_field_2,ext_field_3,sub_trans_name) values ('bizSetDict','bizDictEntryFind','bizframe.dictionary.findDictEntry','bizframe/dictionary/dictManage.mw','','1','','','','','字典条目查找');
insert into tsys_subtrans (trans_code,sub_trans_code,rel_serv,rel_url,ctrl_flag,login_flag,remark,ext_field_1,ext_field_2,ext_field_3,sub_trans_name) values ('bizSetDict','bizDictItemEdit','bizframe.dictionary.insertDictItem','','1','1','','','','','字典项修改');
insert into tsys_subtrans (trans_code,sub_trans_code,rel_serv,rel_url,ctrl_flag,login_flag,remark,ext_field_1,ext_field_2,ext_field_3,sub_trans_name) values ('bizSetDict','bizDictEntryAdd','bizframe.dictionary.insertDictEntry','','1','1','','','','','字典条目添加');
insert into tsys_subtrans (trans_code,sub_trans_code,rel_serv,rel_url,ctrl_flag,login_flag,remark,ext_field_1,ext_field_2,ext_field_3,sub_trans_name) values ('bizSetDict','bizDictEntryEdit','bizframe.dictionary.updateDictEntry','','1','1','','','','','字典条目修改');
insert into tsys_subtrans (trans_code,sub_trans_code,rel_serv,rel_url,ctrl_flag,login_flag,remark,ext_field_1,ext_field_2,ext_field_3,sub_trans_name) values ('bizSetDict','bizDictEntryDel','bizframe.dictionary.deleteDictEntry','','1','1','','','','','字典条目删除');
insert into tsys_subtrans (trans_code,sub_trans_code,rel_serv,rel_url,ctrl_flag,login_flag,remark,ext_field_1,ext_field_2,ext_field_3,sub_trans_name) values ('bizSetDict','bizDictItemFind','bizframe.common.findDictItems','','','0','','','','','字典项查找');
insert into tsys_subtrans (trans_code,sub_trans_code,rel_serv,rel_url,ctrl_flag,login_flag,remark,ext_field_1,ext_field_2,ext_field_3,sub_trans_name) values ('bizSetDict','bizDictEntryDownload','bizframe.dictionary.downloadDictEntry','','1','1','','','','','字典条目下载');

insert into tsys_subtrans (trans_code,sub_trans_code,rel_serv,rel_url,ctrl_flag,login_flag,remark,ext_field_1,ext_field_2,ext_field_3,sub_trans_name) values ('bizMenu','bizMenuFind','bizframe.authority.menu.menuQuery','bizframe/authority/menuManage.mw','','1','','','','','菜单查找');
insert into tsys_subtrans (trans_code,sub_trans_code,rel_serv,rel_url,ctrl_flag,login_flag,remark,ext_field_1,ext_field_2,ext_field_3,sub_trans_name) values ('bizMenu','bizHelp','','bizframe/help.jsp','','0','','','','','帮助');
insert into tsys_subtrans (trans_code,sub_trans_code,rel_serv,rel_url,ctrl_flag,login_flag,remark,ext_field_1,ext_field_2,ext_field_3,sub_trans_name) values ('bizMenu','bizMenuData','','','','0','','','','','菜单访问');
insert into tsys_subtrans (trans_code,sub_trans_code,rel_serv,rel_url,ctrl_flag,login_flag,remark,ext_field_1,ext_field_2,ext_field_3,sub_trans_name) values ('bizMenu','bizMenuEdit','','','1','1','','','','','菜单编辑');
insert into tsys_subtrans (trans_code,sub_trans_code,rel_serv,rel_url,ctrl_flag,login_flag,remark,ext_field_1,ext_field_2,ext_field_3,sub_trans_name) values ('bizMenu','bizMenuAdd','','','1','1','','','','','菜单新增');
insert into tsys_subtrans (trans_code,sub_trans_code,rel_serv,rel_url,ctrl_flag,login_flag,remark,ext_field_1,ext_field_2,ext_field_3,sub_trans_name) values ('bizMenu','bizMenuDelete','','','1','1','','','','','菜单删除');
insert into tsys_subtrans (trans_code,sub_trans_code,rel_serv,rel_url,ctrl_flag,login_flag,remark,ext_field_1,ext_field_2,ext_field_3,sub_trans_name) values ('bizMenu','bizTop','','bizframe/top.jsp','','0','','','','','LOGO区');
insert into tsys_subtrans (trans_code,sub_trans_code,rel_serv,rel_url,ctrl_flag,login_flag,remark,ext_field_1,ext_field_2,ext_field_3,sub_trans_name) values ('bizMenu','bizButtom','','bizframe/buttom.jsp','','0','','','','','状态区');
insert into tsys_subtrans (trans_code,sub_trans_code,rel_serv,rel_url,ctrl_flag,login_flag,remark,ext_field_1,ext_field_2,ext_field_3,sub_trans_name) values ('bizMenu','bizMenuSQL','bizframe.authority.menu.menuExportSQL','','0','1','','','','','菜单导出SQL');
insert into tsys_subtrans (trans_code,sub_trans_code,rel_serv,rel_url,ctrl_flag,login_flag,remark,ext_field_1,ext_field_2,ext_field_3,sub_trans_name) values ('bizMenu','bizMenu','','','','1','','','','','菜单');

insert into tsys_subtrans (trans_code,sub_trans_code,rel_serv,rel_url,ctrl_flag,login_flag,remark,ext_field_1,ext_field_2,ext_field_3,sub_trans_name) values ('bizSetCache','bizCacheFresh','bizframe.common.cacheRefreshService','bizframe/common/cacheFresh.mw','1','1','','','','','缓存刷新');

insert into tsys_subtrans (trans_code,sub_trans_code,rel_serv,rel_url,ctrl_flag,login_flag,remark,ext_field_1,ext_field_2,ext_field_3,sub_trans_name) values ('bizSysStatus','bizCEPStatus','','monitor/sysStatus/CEPPlugin.mw','','1','','','','','CEP及其插件状态信息');
insert into tsys_subtrans (trans_code,sub_trans_code,rel_serv,rel_url,ctrl_flag,login_flag,remark,ext_field_1,ext_field_2,ext_field_3,sub_trans_name) values ('bizSysStatus','bizKernelStatus','','monitor/sysStatus/BizKernel.mw','','1','','','','','执行框架状态信息');
insert into tsys_subtrans (trans_code,sub_trans_code,rel_serv,rel_url,ctrl_flag,login_flag,remark,ext_field_1,ext_field_2,ext_field_3,sub_trans_name) values ('bizSysStatus','bizCacheStatus','','monitor/sysStatus/Cache.mw','','1','','','','','缓存状态信息');
insert into tsys_subtrans (trans_code,sub_trans_code,rel_serv,rel_url,ctrl_flag,login_flag,remark,ext_field_1,ext_field_2,ext_field_3,sub_trans_name) values ('bizSysStatus','bizDBStatus','','monitor/sysStatus/DataBase.mw','','1','','','','','数据库状态信息');
insert into tsys_subtrans (trans_code,sub_trans_code,rel_serv,rel_url,ctrl_flag,login_flag,remark,ext_field_1,ext_field_2,ext_field_3,sub_trans_name) values ('bizSysStatus','bizUIStatus','','monitor/sysStatus/UIEngine.mw','','1','','','','','UIEngine状态信息');
insert into tsys_subtrans (trans_code,sub_trans_code,rel_serv,rel_url,ctrl_flag,login_flag,remark,ext_field_1,ext_field_2,ext_field_3,sub_trans_name) values ('bizSysStatus','pauseBizService','monitor.sysStatus.pauseBizService','','','1','','','','','停止执行框架中的服务');
insert into tsys_subtrans (trans_code,sub_trans_code,rel_serv,rel_url,ctrl_flag,login_flag,remark,ext_field_1,ext_field_2,ext_field_3,sub_trans_name) values ('bizSysStatus','restartBizService','monitor.sysStatus.restartBizService','','','1','','','','','重启服务');
insert into tsys_subtrans (trans_code,sub_trans_code,rel_serv,rel_url,ctrl_flag,login_flag,remark,ext_field_1,ext_field_2,ext_field_3,sub_trans_name) values ('bizSysStatus','FindMonitorInfo','monitor.sysStatus.queryMonitor','','','1','','','','','查询某类处在监控状态的服务的监控信息');
insert into tsys_subtrans (trans_code,sub_trans_code,rel_serv,rel_url,ctrl_flag,login_flag,remark,ext_field_1,ext_field_2,ext_field_3,sub_trans_name) values ('bizSysStatus','StartMonitorT','monitor.sysStatus.startMonitor','','','1','','','','','启动某类型监控');
insert into tsys_subtrans (trans_code,sub_trans_code,rel_serv,rel_url,ctrl_flag,login_flag,remark,ext_field_1,ext_field_2,ext_field_3,sub_trans_name) values ('bizSysStatus','queryRuntimeParameters','com.hundsun.jres.manage','','','1','','','','','查询本地通道的一些运行时参数');
insert into tsys_subtrans (trans_code,sub_trans_code,rel_serv,rel_url,ctrl_flag,login_flag,remark,ext_field_1,ext_field_2,ext_field_3,sub_trans_name) values ('bizSysStatus','queryWaitingThread','com.hundsun.jres.manage','','','1','','','','','查询调用本地通道的同步方法，在当前时刻等待的线程');
insert into tsys_subtrans (trans_code,sub_trans_code,rel_serv,rel_url,ctrl_flag,login_flag,remark,ext_field_1,ext_field_2,ext_field_3,sub_trans_name) values ('bizSysStatus','modifyCounterFlag','com.hundsun.jres.manage','','','1','','','','','修改计数功能');
insert into tsys_subtrans (trans_code,sub_trans_code,rel_serv,rel_url,ctrl_flag,login_flag,remark,ext_field_1,ext_field_2,ext_field_3,sub_trans_name) values ('bizSysStatus','queryRouteTable','com.hundsun.jres.manage','','','1','','','','','查询路由表');
insert into tsys_subtrans (trans_code,sub_trans_code,rel_serv,rel_url,ctrl_flag,login_flag,remark,ext_field_1,ext_field_2,ext_field_3,sub_trans_name) values ('bizSysStatus','queryProcServices','com.hundsun.jres.manage','','','1','','','','','查查询本地业务处理插件向cepcore注册的服务列表');
insert into tsys_subtrans (trans_code,sub_trans_code,rel_serv,rel_url,ctrl_flag,login_flag,remark,ext_field_1,ext_field_2,ext_field_3,sub_trans_name) values ('bizSysStatus','getAllDataSourceInfo','com.hundsun.jres.manage','','','1','','','','','得到所有数据源的信息');
insert into tsys_subtrans (trans_code,sub_trans_code,rel_serv,rel_url,ctrl_flag,login_flag,remark,ext_field_1,ext_field_2,ext_field_3,sub_trans_name) values ('bizSysStatus','StopMonitor','monitor.sysStatus.stopMonitor','','','1','','','','','停止监控');
insert into tsys_subtrans (trans_code,sub_trans_code,rel_serv,rel_url,ctrl_flag,login_flag,remark,ext_field_1,ext_field_2,ext_field_3,sub_trans_name) values ('bizSysStatus','queryBizService','monitor.sysStatus.queryBizService','','','1','','','','','查询IAdapter信息');
insert into tsys_subtrans (trans_code,sub_trans_code,rel_serv,rel_url,ctrl_flag,login_flag,remark,ext_field_1,ext_field_2,ext_field_3,sub_trans_name) values ('bizSysStatus','getDataSourceInfo','com.hundsun.jres.manage','','','1','','','','','得到指定的数据源的信息');
insert into tsys_subtrans (trans_code,sub_trans_code,rel_serv,rel_url,ctrl_flag,login_flag,remark,ext_field_1,ext_field_2,ext_field_3,sub_trans_name) values ('bizSysStatus','queryDispatchPoolInfo','com.hundsun.jres.manage','','','1','','','','','查询cepcore的分发线程池');
insert into tsys_subtrans (trans_code,sub_trans_code,rel_serv,rel_url,ctrl_flag,login_flag,remark,ext_field_1,ext_field_2,ext_field_3,sub_trans_name) values ('bizSysStatus','queryBizServiceInfo','com.hundsun.jres.manage','','','1','','','','','查询本地业务处理插件的线程队列等信息');
insert into tsys_subtrans (trans_code,sub_trans_code,rel_serv,rel_url,ctrl_flag,login_flag,remark,ext_field_1,ext_field_2,ext_field_3,sub_trans_name) values ('bizSysStatus','bizSysMain','','monitor/sysStatus/sysMain.mw','','','','','','','系统状态主界面');
insert into tsys_subtrans (trans_code,sub_trans_code,rel_serv,rel_url,ctrl_flag,login_flag,remark,ext_field_1,ext_field_2,ext_field_3,sub_trans_name) values ('bizSysStatus','RemoveMonitor','com.hundsun.jres.manage','','','1','','','','','移出监控服务');
insert into tsys_subtrans (trans_code,sub_trans_code,rel_serv,rel_url,ctrl_flag,login_flag,remark,ext_field_1,ext_field_2,ext_field_3,sub_trans_name) values ('bizSysStatus','bizframeworkStatus','com.hundsun.jres.manage','','','1','','','','','查询框架');
insert into tsys_subtrans (trans_code,sub_trans_code,rel_serv,rel_url,ctrl_flag,login_flag,remark,ext_field_1,ext_field_2,ext_field_3,sub_trans_name) values ('bizSysStatus','getCacheInfo','com.hundsun.jres.manage','','','1','','','','','查询缓存信息');
insert into tsys_subtrans (trans_code,sub_trans_code,rel_serv,rel_url,ctrl_flag,login_flag,remark,ext_field_1,ext_field_2,ext_field_3,sub_trans_name) values ('bizSysStatus','queryAllActiveConnect','com.hundsun.jres.manage','','','1','','','','','查询所有活动连接');
insert into tsys_subtrans (trans_code,sub_trans_code,rel_serv,rel_url,ctrl_flag,login_flag,remark,ext_field_1,ext_field_2,ext_field_3,sub_trans_name) values ('bizSysStatus','queryAllEventService','com.hundsun.jres.manage','','','1','','','','','查询所有插件服务');
insert into tsys_subtrans (trans_code,sub_trans_code,rel_serv,rel_url,ctrl_flag,login_flag,remark,ext_field_1,ext_field_2,ext_field_3,sub_trans_name) values ('bizSysStatus','queryAllPluginInfo','com.hundsun.jres.manage','','','1','','','','','查询所有的插件信息');
insert into tsys_subtrans (trans_code,sub_trans_code,rel_serv,rel_url,ctrl_flag,login_flag,remark,ext_field_1,ext_field_2,ext_field_3,sub_trans_name) values ('bizSysStatus','queryBizkernelMonitor','com.hundsun.jres.manage','','','1','','','','','查询监控状态');
insert into tsys_subtrans (trans_code,sub_trans_code,rel_serv,rel_url,ctrl_flag,login_flag,remark,ext_field_1,ext_field_2,ext_field_3,sub_trans_name) values ('bizSysStatus','queryConnectedNodes','com.hundsun.jres.manage','','','1','','','','','查询连接节点');
insert into tsys_subtrans (trans_code,sub_trans_code,rel_serv,rel_url,ctrl_flag,login_flag,remark,ext_field_1,ext_field_2,ext_field_3,sub_trans_name) values ('bizSysStatus','queryEventChains','com.hundsun.jres.manage','','','1','','','','','查询事件处理链');
insert into tsys_subtrans (trans_code,sub_trans_code,rel_serv,rel_url,ctrl_flag,login_flag,remark,ext_field_1,ext_field_2,ext_field_3,sub_trans_name) values ('bizSysStatus','registerCache','com.hundsun.jres.manage','','','1','','','','','缓存注册');
insert into tsys_subtrans (trans_code,sub_trans_code,rel_serv,rel_url,ctrl_flag,login_flag,remark,ext_field_1,ext_field_2,ext_field_3,sub_trans_name) values ('bizSysStatus','restartMonitorT','com.hundsun.jres.manage','','','1','','','','','重启服务');
insert into tsys_subtrans (trans_code,sub_trans_code,rel_serv,rel_url,ctrl_flag,login_flag,remark,ext_field_1,ext_field_2,ext_field_3,sub_trans_name) values ('bizSysStatus','startBizkernelMonitor','com.hundsun.jres.manage','','','1','','','','','启动监控状态');
insert into tsys_subtrans (trans_code,sub_trans_code,rel_serv,rel_url,ctrl_flag,login_flag,remark,ext_field_1,ext_field_2,ext_field_3,sub_trans_name) values ('bizSysStatus','stopBizkernelMonitor','com.hundsun.jres.manage','','','1','','','','','停止监控状态');
insert into tsys_subtrans (trans_code,sub_trans_code,rel_serv,rel_url,ctrl_flag,login_flag,remark,ext_field_1,ext_field_2,ext_field_3,sub_trans_name) values ('bizSysStatus','unregisterCache','com.hundsun.jres.manage','','','1','','','','','缓存注销');

insert into tsys_subtrans (trans_code,sub_trans_code,rel_serv,rel_url,ctrl_flag,login_flag,remark,ext_field_1,ext_field_2,ext_field_3,sub_trans_name) values ('bizMsgManager','bizMsgManager','bizframe.message.messageService','','0','1','','','','','消息管理');
insert into tsys_subtrans (trans_code,sub_trans_code,rel_serv,rel_url,ctrl_flag,login_flag,remark,ext_field_1,ext_field_2,ext_field_3,sub_trans_name) values ('bizMsgManager','bizEmailInboxFind','bizframe.message.messageService','bizframe/message/emailInbox.mw','0','1','','','','','消息收件箱查询');
insert into tsys_subtrans (trans_code,sub_trans_code,rel_serv,rel_url,ctrl_flag,login_flag,remark,ext_field_1,ext_field_2,ext_field_3,sub_trans_name) values ('bizMsgManager','bizEmailOutboxFind','bizframe.message.messageService','bizframe/message/emailOutbox.mw','0','1','','','','','消息发件箱查询');
insert into tsys_subtrans (trans_code,sub_trans_code,rel_serv,rel_url,ctrl_flag,login_flag,remark,ext_field_1,ext_field_2,ext_field_3,sub_trans_name) values ('bizMsgManager','bizMsgSend','bizframe.message.messageService','','0','1','','','','','发送消息');
insert into tsys_subtrans (trans_code,sub_trans_code,rel_serv,rel_url,ctrl_flag,login_flag,remark,ext_field_1,ext_field_2,ext_field_3,sub_trans_name) values ('bizMsgManager','bizMsgDel','bizframe.message.messageService','','0','1','','','','','删除消息');
insert into tsys_subtrans (trans_code,sub_trans_code,rel_serv,rel_url,ctrl_flag,login_flag,remark,ext_field_1,ext_field_2,ext_field_3,sub_trans_name) values ('bizMsgManager','bizEmailView','bizframe.message.messageService','','0','1','','','','','浏览消息');
insert into tsys_subtrans (trans_code,sub_trans_code,rel_serv,rel_url,ctrl_flag,login_flag,remark,ext_field_1,ext_field_2,ext_field_3,sub_trans_name) values ('bizMsgManager','bizEmailPoll','bizframe.message.messageService','','0','1','','','','','轮询消息');



insert into tsys_menu (menu_code,kind_code,trans_code,sub_trans_code,menu_name,menu_arg,menu_icon,window_type,tip,hot_key,parent_code,order_no,open_flag,tree_idx,remark) values ('BIZFRAME','BIZFRAME','bizMenu','bizMenu','基础业务框架','','images/bizframe/BIZFRAME.png','0','','','bizroot',0,'','#bizroot#BIZFRAME#','');
insert into tsys_menu (menu_code,kind_code,trans_code,sub_trans_code,menu_name,menu_arg,menu_icon,window_type,tip,hot_key,parent_code,order_no,open_flag,tree_idx,remark) values ('bizMenu','BIZFRAME','bizMenu','bizMenu','系统菜单','','images/bizframe/bizMenu.png','0','','','BIZFRAME',0,'','#bizroot#BIZFRAME#bizMenu#','');

insert into tsys_menu (menu_code,kind_code,trans_code,sub_trans_code,menu_name,menu_arg,menu_icon,window_type,tip,hot_key,parent_code,order_no,open_flag,tree_idx,remark) values ('bizUserManager','BIZFRAME','bizUserManager','bizUserManager','用户管理','','images/bizframe/bizUserManager.png','0','','','bizMenu',0,'','#bizroot#BIZFRAME#bizMenu#bizUserManager#','');
insert into tsys_menu (menu_code,kind_code,trans_code,sub_trans_code,menu_name,menu_arg,menu_icon,window_type,tip,hot_key,parent_code,order_no,open_flag,tree_idx,remark) values ('bizSetOffice','BIZFRAME','bizSetOffice','bizOfficeFind','岗位设置','','images/bizframe/bizSetOffice.png','0','','','bizUserManager',0,'','#bizroot#BIZFRAME#bizMenu#bizUserManager#bizSetOffice#','post');
insert into tsys_menu (menu_code,kind_code,trans_code,sub_trans_code,menu_name,menu_arg,menu_icon,window_type,tip,hot_key,parent_code,order_no,open_flag,tree_idx,remark) values ('bizSetUser','BIZFRAME','bizSetUser','bizSetUserFind','用户设置','','images/bizframe/bizSetUser.png','0','','','bizUserManager',1,'','#bizroot#BIZFRAME#bizMenu#bizUserManager#bizSetUser#','');
insert into tsys_menu (menu_code,kind_code,trans_code,sub_trans_code,menu_name,menu_arg,menu_icon,window_type,tip,hot_key,parent_code,order_no,open_flag,tree_idx,remark) values ('bizSetRole','BIZFRAME','bizSetRole','bizSetRoleFind','角色设置','','images/bizframe/bizSetRole.png','0','','','bizUserManager',2,'','#bizroot#BIZFRAME#bizMenu#bizUserManager#bizSetRole#','');
insert into tsys_menu (menu_code,kind_code,trans_code,sub_trans_code,menu_name,menu_arg,menu_icon,window_type,tip,hot_key,parent_code,order_no,open_flag,tree_idx,remark) values ('bizSetDep','BIZFRAME','bizSetDep','bizDepFind','部门设置','','images/bizframe/bizSetDep.png','0','','','bizUserManager',3,'','#bizroot#BIZFRAME#bizMenu#bizUserManager#bizSetDep#','');
insert into tsys_menu (menu_code,kind_code,trans_code,sub_trans_code,menu_name,menu_arg,menu_icon,window_type,tip,hot_key,parent_code,order_no,open_flag,tree_idx,remark) values ('bizSetBranch','BIZFRAME','bizSetBranch','bizBranchFind','机构设置','','images/bizframe/bizSetBranch.png','0','','','bizUserManager',4,'','#bizroot#BIZFRAME#bizMenu#bizUserManager#bizSetBranch#','');

insert into tsys_menu (menu_code,kind_code,trans_code,sub_trans_code,menu_name,menu_arg,menu_icon,window_type,tip,hot_key,parent_code,order_no,open_flag,tree_idx,remark) values ('bizSysManager','BIZFRAME','bizSysManager','bizSysManager','系统管理','','images/bizframe/bizSysManager.png','0','','','bizMenu',1,'','#bizroot#BIZFRAME#bizMenu#bizSysManager#','');
insert into tsys_menu (menu_code,kind_code,trans_code,sub_trans_code,menu_name,menu_arg,menu_icon,window_type,tip,hot_key,parent_code,order_no,open_flag,tree_idx,remark) values ('bizSetParam','BIZFRAME','bizSetParam','bizSetParamFind','系统参数设置','','images/bizframe/bizSetParam.png','0','','','bizSysManager',0,'','#bizroot#BIZFRAME#bizMenu#bizSysManager#bizSetParam#','');
insert into tsys_menu (menu_code,kind_code,trans_code,sub_trans_code,menu_name,menu_arg,menu_icon,window_type,tip,hot_key,parent_code,order_no,open_flag,tree_idx,remark) values ('bizSetDict','BIZFRAME','bizSetDict','bizDictEntryFind','数据字典设置','','images/bizframe/bizSetDict.png','0','','','bizSysManager',1,'','#bizroot#BIZFRAME#bizMenu#bizSysManager#bizSetDict#','');
insert into tsys_menu (menu_code,kind_code,trans_code,sub_trans_code,menu_name,menu_arg,menu_icon,window_type,tip,hot_key,parent_code,order_no,open_flag,tree_idx,remark) values ('bizSetKind','BIZFRAME','bizSetKind','bizSetKindFind','系统类别设置','','images/bizframe/bizSetKind.png','0','','','bizSysManager',2,'','#bizroot#BIZFRAME#bizMenu#bizSysManager#bizSetKind#','');
insert into tsys_menu (menu_code,kind_code,trans_code,sub_trans_code,menu_name,menu_arg,menu_icon,window_type,tip,hot_key,parent_code,order_no,open_flag,tree_idx,remark) values ('bizSetTrans','BIZFRAME','bizSetTrans','bizTransFind','系统交易设置','','images/bizframe/bizSetTrans.png','0','','','bizSysManager',3,'','#bizroot#BIZFRAME#bizMenu#bizSysManager#bizSetTrans#','');
insert into tsys_menu (menu_code,kind_code,trans_code,sub_trans_code,menu_name,menu_arg,menu_icon,window_type,tip,hot_key,parent_code,order_no,open_flag,tree_idx,remark) values ('bizSetCache','BIZFRAME','bizSetCache','bizCacheFresh','系统缓存设置','','bizframe/images/bizSetCache.png','0','','','bizSysManager',4,'1','#bizroot#BIZFRAME#bizMenu#bizSysManager#bizSetCache#','');
insert into tsys_menu (menu_code,kind_code,trans_code,sub_trans_code,menu_name,menu_arg,menu_icon,window_type,tip,hot_key,parent_code,order_no,open_flag,tree_idx,remark) values ('bizSetMenu','BIZFRAME','bizMenu','bizMenuFind','系统菜单设置','','images/bizframe/bizSetMenu.png','0','','','bizSysManager',4,'1','#bizroot#BIZFRAME#bizMenu#bizSysManager#bizSetMenu#','');

insert into tsys_menu (menu_code,kind_code,trans_code,sub_trans_code,menu_name,menu_arg,menu_icon,window_type,tip,hot_key,parent_code,order_no,open_flag,tree_idx,remark) values ('bizMonitorMenu','BIZFRAME','bizMenu','bizMenu','平台管理','','images/bizframe/bizMonitorMenu.png','0','','','bizMenu',3,'','#bizroot#BIZFRAME#bizMenu#bizMonitorMenu#','');
insert into tsys_menu (menu_code,kind_code,trans_code,sub_trans_code,menu_name,menu_arg,menu_icon,window_type,tip,hot_key,parent_code,order_no,open_flag,tree_idx,remark) values ('bizOnlineMonitor','BIZFRAME','bizMenu','bizMenu','在线监控','','images/bizframe/bizOnlineMonitor.png','0','','','bizMonitorMenu',0,'','#bizroot#BIZFRAME#bizMenu#bizMonitorMenu#bizOnlineMonitor#','');
insert into tsys_menu (menu_code,kind_code,trans_code,sub_trans_code,menu_name,menu_arg,menu_icon,window_type,tip,hot_key,parent_code,order_no,open_flag,tree_idx,remark) values ('bizSysStatus','BIZFRAME','bizSysStatus','bizSysMain','系统状态','','images/bizframe/bizSysStatus.png','','','','bizOnlineMonitor',2,'','#bizroot#BIZFRAME#bizMenu#bizMonitorMenu#bizOnlineMonitor#bizSysStatus#','');

insert into tsys_menu (menu_code,kind_code,trans_code,sub_trans_code,menu_name,menu_arg,menu_icon,window_type,tip,hot_key,parent_code,order_no,open_flag,tree_idx,remark) values ('bizMsgManager','BIZFRAME','bizMsgManager','bizMsgManager','消息管理','','images/bizframe/bizEmailManager.png','0','','','bizMenu',3,'','#bizroot#BIZFRAME#bizMenu#bizMsgManager#','');
insert into tsys_menu (menu_code,kind_code,trans_code,sub_trans_code,menu_name,menu_arg,menu_icon,window_type,tip,hot_key,parent_code,order_no,open_flag,tree_idx,remark) values ('bizEmailInbox','BIZFRAME','bizMsgManager','bizEmailInboxFind','消息收件箱','','images/bizframe/bizEmailInbox.png','0','','','bizMsgManager',1,'','#bizroot#BIZFRAME#bizMenu#bizMsgManager#bizEmailInbox#','');
insert into tsys_menu (menu_code,kind_code,trans_code,sub_trans_code,menu_name,menu_arg,menu_icon,window_type,tip,hot_key,parent_code,order_no,open_flag,tree_idx,remark) values ('bizEmailOutbox','BIZFRAME','bizMsgManager','bizEmailOutboxFind','消息发件箱','','images/bizframe/bizEmailOutbox.png','0','','','bizMsgManager',2,'','#bizroot#BIZFRAME#bizMenu#bizMsgManager#bizEmailOutbox#','');



insert into tsys_parameter (param_code,rel_org,kind_code,param_name,param_value) values ('desktopBg','000000','BIZ_PARAM','桌面背景','desktopBg.gif');
insert into tsys_parameter (param_code,rel_org,kind_code,param_name,param_value) values ('desktopLogo','000000','BIZ_PARAM','桌面LOGO','desktopLogo.gif');
insert into tsys_parameter (param_code,rel_org,kind_code,param_name,param_value) values ('defaultLogo','000000','BIZ_PARAM','默认主页LOGO','logo.png');
insert into tsys_parameter (param_code,rel_org,kind_code,param_name,param_value) values ('loginBg','000000','BIZ_PARAM','登陆页面背景','login_logo.png');
insert into tsys_parameter (param_code,rel_org,kind_code,param_name,param_value) values ('passUnit','000000','BIZ_PARAM','密码有效时间单位','2');
insert into tsys_parameter (param_code,rel_org,kind_code,param_name,param_value) values ('passValidity','000000','BIZ_PARAM','密码有效周期','2');
insert into tsys_parameter (param_code,rel_org,kind_code,param_name,param_value) values ('maxWrongPass','000000','BIZ_PARAM','最大允许密码错误次数','10');


insert into tsys_role_user (user_code, role_code,right_flag)
values ('admin', 'admin','1');
insert into tsys_role_user (user_code, role_code,right_flag)
values ('admin', 'admin','2');


insert into tsys_user_right (trans_code,sub_trans_code,user_id,create_by,create_date,begin_date,end_date,right_flag) values ('bizMenu','bizMenuFind','admin','admin',0,0,0,'1');
insert into tsys_user_right (trans_code,sub_trans_code,user_id,create_by,create_date,begin_date,end_date,right_flag) values ('bizMenu','bizMenuAdd','admin','admin',0,0,0,'1');
insert into tsys_user_right (trans_code,sub_trans_code,user_id,create_by,create_date,begin_date,end_date,right_flag) values ('bizMenu','bizMenuAdd','admin','admin',0,0,0,'2');
insert into tsys_user_right (trans_code,sub_trans_code,user_id,create_by,create_date,begin_date,end_date,right_flag) values ('bizMenu','bizMenuEdit','admin','admin',0,0,0,'2');
insert into tsys_user_right (trans_code,sub_trans_code,user_id,create_by,create_date,begin_date,end_date,right_flag) values ('bizMenu','bizMenuEdit','admin','admin',0,0,0,'1');
insert into tsys_user_right (trans_code,sub_trans_code,user_id,create_by,create_date,begin_date,end_date,right_flag) values ('bizMenu','bizMenuDelete','admin','admin',0,0,0,'1');
insert into tsys_user_right (trans_code,sub_trans_code,user_id,create_by,create_date,begin_date,end_date,right_flag) values ('bizMenu','bizMenuDelete','admin','admin',0,0,0,'2');
insert into tsys_user_right (trans_code,sub_trans_code,user_id,create_by,create_date,begin_date,end_date,right_flag) values ('bizSetRoleUser','bizCancelUR','admin','admin',0,0,0,'2');
insert into tsys_user_right (trans_code,sub_trans_code,user_id,create_by,create_date,begin_date,end_date,right_flag) values ('bizSetRoleUser','bizCancelUR','admin','admin',0,0,0,'1');
insert into tsys_user_right (trans_code,sub_trans_code,user_id,create_by,create_date,begin_date,end_date,right_flag) values ('bizSetRoleUser','bizGiveUR','admin','admin',0,0,0,'2');
insert into tsys_user_right (trans_code,sub_trans_code,user_id,create_by,create_date,begin_date,end_date,right_flag) values ('bizSetRoleUser','bizGiveUR','admin','admin',0,0,0,'1');
insert into tsys_user_right (trans_code,sub_trans_code,user_id,create_by,create_date,begin_date,end_date,right_flag) values ('bizSetRoleUser','bizToAllotRole','admin','admin',0,0,0,'2');
insert into tsys_user_right (trans_code,sub_trans_code,user_id,create_by,create_date,begin_date,end_date,right_flag) values ('bizSetRoleUser','bizToAllotRole','admin','admin',0,0,0,'1');
insert into tsys_user_right (trans_code,sub_trans_code,user_id,create_by,create_date,begin_date,end_date,right_flag) values ('bizSetRoleUser','bizAllotRole','admin','admin',0,0,0,'2');
insert into tsys_user_right (trans_code,sub_trans_code,user_id,create_by,create_date,begin_date,end_date,right_flag) values ('bizSetKind','bizSetKindAdd','admin','admin',0,0,0,'2');
insert into tsys_user_right (trans_code,sub_trans_code,user_id,create_by,create_date,begin_date,end_date,right_flag) values ('bizSetKind','bizSetKindAdd','admin','admin',0,0,0,'1');
insert into tsys_user_right (trans_code,sub_trans_code,user_id,create_by,create_date,begin_date,end_date,right_flag) values ('bizSetKind','bizSetKindEdit','admin','admin',0,0,0,'1');
insert into tsys_user_right (trans_code,sub_trans_code,user_id,create_by,create_date,begin_date,end_date,right_flag) values ('bizSetKind','bizSetKindEdit','admin','admin',0,0,0,'2');
insert into tsys_user_right (trans_code,sub_trans_code,user_id,create_by,create_date,begin_date,end_date,right_flag) values ('bizSetKind','bizSetKindDelete','admin','admin',0,0,0,'2');
insert into tsys_user_right (trans_code,sub_trans_code,user_id,create_by,create_date,begin_date,end_date,right_flag) values ('bizSetKind','bizSetKindDelete','admin','admin',0,0,0,'1');
insert into tsys_user_right (trans_code,sub_trans_code,user_id,create_by,create_date,begin_date,end_date,right_flag) values ('bizMenu','bizMenuFind','admin','admin',0,0,0,'2');
insert into tsys_user_right (trans_code,sub_trans_code,user_id,create_by,create_date,begin_date,end_date,right_flag) values ('bizSetRoleUser','bizAllotRole','admin','admin',0,0,0,'1');
insert into tsys_user_right (trans_code,sub_trans_code,user_id,create_by,create_date,begin_date,end_date,right_flag) values ('bizSetUser','bizResetPass','admin','admin',0,0,0,'2');
insert into tsys_user_right (trans_code,sub_trans_code,user_id,create_by,create_date,begin_date,end_date,right_flag) values ('bizSetUser','bizResetPass','admin','admin',0,0,0,'1');
insert into tsys_user_right (trans_code,sub_trans_code,user_id,create_by,create_date,begin_date,end_date,right_flag) values ('bizSetDict','bizDictItemEdit','admin','admin',0,0,0,'1');
insert into tsys_user_right (trans_code,sub_trans_code,user_id,create_by,create_date,begin_date,end_date,right_flag) values ('bizSetDict','bizDictItemEdit','admin','admin',0,0,0,'2');
insert into tsys_user_right (trans_code,sub_trans_code,user_id,create_by,create_date,begin_date,end_date,right_flag) values ('bizSetParam','bizSetParamAdd','admin','admin',0,0,0,'2');
insert into tsys_user_right (trans_code,sub_trans_code,user_id,create_by,create_date,begin_date,end_date,right_flag) values ('bizSetParam','bizSetParamAdd','admin','admin',0,0,0,'1');
insert into tsys_user_right (trans_code,sub_trans_code,user_id,create_by,create_date,begin_date,end_date,right_flag) values ('bizSetParam','bizSetParamEdit','admin','admin',0,0,0,'1');
insert into tsys_user_right (trans_code,sub_trans_code,user_id,create_by,create_date,begin_date,end_date,right_flag) values ('bizSetParam','bizSetParamEdit','admin','admin',0,0,0,'2');
insert into tsys_user_right (trans_code,sub_trans_code,user_id,create_by,create_date,begin_date,end_date,right_flag) values ('bizSetParam','bizSetParamDlt','admin','admin',0,0,0,'2');
insert into tsys_user_right (trans_code,sub_trans_code,user_id,create_by,create_date,begin_date,end_date,right_flag) values ('bizSetParam','bizSetParamDlt','admin','admin',0,0,0,'1');
insert into tsys_user_right (trans_code,sub_trans_code,user_id,create_by,create_date,begin_date,end_date,right_flag) values ('bizSetRight','bizRoleARightAdd','admin','admin',0,0,0,'1');
insert into tsys_user_right (trans_code,sub_trans_code,user_id,create_by,create_date,begin_date,end_date,right_flag) values ('bizSetRight','bizRoleARightAdd','admin','admin',0,0,0,'2');
insert into tsys_user_right (trans_code,sub_trans_code,user_id,create_by,create_date,begin_date,end_date,right_flag) values ('bizSetRight','bizRoleARightDlt','admin','admin',0,0,0,'2');
insert into tsys_user_right (trans_code,sub_trans_code,user_id,create_by,create_date,begin_date,end_date,right_flag) values ('bizSetRight','bizRoleARightDlt','admin','admin',0,0,0,'1');
insert into tsys_user_right (trans_code,sub_trans_code,user_id,create_by,create_date,begin_date,end_date,right_flag) values ('bizSetTrans','bizTransExport','admin','admin',0,0,0,'1');
insert into tsys_user_right (trans_code,sub_trans_code,user_id,create_by,create_date,begin_date,end_date,right_flag) values ('bizSetTrans','bizTransExport','admin','admin',0,0,0,'2');
insert into tsys_user_right (trans_code,sub_trans_code,user_id,create_by,create_date,begin_date,end_date,right_flag) values ('bizSetTrans','bizTransDownload','admin','admin',0,0,0,'1');
insert into tsys_user_right (trans_code,sub_trans_code,user_id,create_by,create_date,begin_date,end_date,right_flag) values ('bizSetTrans','bizTransDownload','admin','admin',0,0,0,'2');
insert into tsys_user_right (trans_code,sub_trans_code,user_id,create_by,create_date,begin_date,end_date,right_flag) values ('bizSetSubTrans','bizSubTransExport','admin','admin',0,0,0,'1');
insert into tsys_user_right (trans_code,sub_trans_code,user_id,create_by,create_date,begin_date,end_date,right_flag) values ('bizSetSubTrans','bizSubTransExport','admin','admin',0,0,0,'2');
insert into tsys_user_right (trans_code,sub_trans_code,user_id,create_by,create_date,begin_date,end_date,right_flag) values ('bizSetSubTrans','bizSubTransDownload','admin','admin',0,0,0,'1');
insert into tsys_user_right (trans_code,sub_trans_code,user_id,create_by,create_date,begin_date,end_date,right_flag) values ('bizSetSubTrans','bizSubTransDownload','admin','admin',0,0,0,'2');
insert into tsys_user_right (trans_code,sub_trans_code,user_id,create_by,create_date,begin_date,end_date,right_flag) values ('bizSysStatus','pauseBizService','admin','admin',0,0,0,'1');
insert into tsys_user_right (trans_code,sub_trans_code,user_id,create_by,create_date,begin_date,end_date,right_flag) values ('bizSysStatus','pauseBizService','admin','admin',0,0,0,'2');
insert into tsys_user_right (trans_code,sub_trans_code,user_id,create_by,create_date,begin_date,end_date,right_flag) values ('bizSetRight','bizRoleURhtFind','admin','admin',0,0,0,'2');
insert into tsys_user_right (trans_code,sub_trans_code,user_id,create_by,create_date,begin_date,end_date,right_flag) values ('bizSetRight','bizRoleURhtFind','admin','admin',0,0,0,'1');
insert into tsys_user_right (trans_code,sub_trans_code,user_id,create_by,create_date,begin_date,end_date,right_flag) values ('bizSetRight','bizRoleRightFind','admin','admin',0,0,0,'1');
insert into tsys_user_right (trans_code,sub_trans_code,user_id,create_by,create_date,begin_date,end_date,right_flag) values ('bizSetRight','bizRoleRightFind','admin','admin',0,0,0,'2');
insert into tsys_user_right (trans_code,sub_trans_code,user_id,create_by,create_date,begin_date,end_date,right_flag) values ('bizSetRight','bizRoleRightAdd','admin','admin',0,0,0,'2');
insert into tsys_user_right (trans_code,sub_trans_code,user_id,create_by,create_date,begin_date,end_date,right_flag) values ('bizSetRight','bizRoleRightAdd','admin','admin',0,0,0,'1');
insert into tsys_user_right (trans_code,sub_trans_code,user_id,create_by,create_date,begin_date,end_date,right_flag) values ('bizSetRight','bizRoleRightDlt','admin','admin',0,0,0,'1');
insert into tsys_user_right (trans_code,sub_trans_code,user_id,create_by,create_date,begin_date,end_date,right_flag) values ('bizSetRight','bizRoleRightDlt','admin','admin',0,0,0,'2');
insert into tsys_user_right (trans_code,sub_trans_code,user_id,create_by,create_date,begin_date,end_date,right_flag) values ('bizSetKind','bizKindFind','admin','admin',0,0,0,'1');
insert into tsys_user_right (trans_code,sub_trans_code,user_id,create_by,create_date,begin_date,end_date,right_flag) values ('bizSetDict','bizDictEntryAdd','admin','admin',0,0,0,'1');
insert into tsys_user_right (trans_code,sub_trans_code,user_id,create_by,create_date,begin_date,end_date,right_flag) values ('bizSetDict','bizDictEntryAdd','admin','admin',0,0,0,'2');
insert into tsys_user_right (trans_code,sub_trans_code,user_id,create_by,create_date,begin_date,end_date,right_flag) values ('bizSetDict','bizDictEntryEdit','admin','admin',0,0,0,'1');
insert into tsys_user_right (trans_code,sub_trans_code,user_id,create_by,create_date,begin_date,end_date,right_flag) values ('bizSetDict','bizDictEntryEdit','admin','admin',0,0,0,'2');
insert into tsys_user_right (trans_code,sub_trans_code,user_id,create_by,create_date,begin_date,end_date,right_flag) values ('bizSetDict','bizDictEntryDel','admin','admin',0,0,0,'1');
insert into tsys_user_right (trans_code,sub_trans_code,user_id,create_by,create_date,begin_date,end_date,right_flag) values ('bizSetDict','bizDictEntryDel','admin','admin',0,0,0,'2');
insert into tsys_user_right (trans_code,sub_trans_code,user_id,create_by,create_date,begin_date,end_date,right_flag) values ('bizSetDict','bizDictItemFind','admin','admin',0,0,0,'1');
insert into tsys_user_right (trans_code,sub_trans_code,user_id,create_by,create_date,begin_date,end_date,right_flag) values ('bizSetDict','bizDictItemFind','admin','admin',0,0,0,'2');
insert into tsys_user_right (trans_code,sub_trans_code,user_id,create_by,create_date,begin_date,end_date,right_flag) values ('bizSetUser','bizAssoBranch','admin','admin',0,0,0,'1');
insert into tsys_user_right (trans_code,sub_trans_code,user_id,create_by,create_date,begin_date,end_date,right_flag) values ('bizSetUser','bizAssoBranch','admin','admin',0,0,0,'2');
insert into tsys_user_right (trans_code,sub_trans_code,user_id,create_by,create_date,begin_date,end_date,right_flag) values ('bizSetUser','bizUnBindBranch','admin','admin',0,0,0,'1');
insert into tsys_user_right (trans_code,sub_trans_code,user_id,create_by,create_date,begin_date,end_date,right_flag) values ('bizSetUser','bizUnBindBranch','admin','admin',0,0,0,'2');
insert into tsys_user_right (trans_code,sub_trans_code,user_id,create_by,create_date,begin_date,end_date,right_flag) values ('bizSetUser','bizBindBranch','admin','admin',0,0,0,'2');
insert into tsys_user_right (trans_code,sub_trans_code,user_id,create_by,create_date,begin_date,end_date,right_flag) values ('bizSetUser','bizBindBranch','admin','admin',0,0,0,'1');
insert into tsys_user_right (trans_code,sub_trans_code,user_id,create_by,create_date,begin_date,end_date,right_flag) values ('bizSetBranch','bizBranchDownload','admin','admin',0,0,0,'1');
insert into tsys_user_right (trans_code,sub_trans_code,user_id,create_by,create_date,begin_date,end_date,right_flag) values ('bizSetBranch','bizBranchDownload','admin','admin',0,0,0,'2');
insert into tsys_user_right (trans_code,sub_trans_code,user_id,create_by,create_date,begin_date,end_date,right_flag) values ('bizSetDep','bizDepDownload','admin','admin',0,0,0,'1');
insert into tsys_user_right (trans_code,sub_trans_code,user_id,create_by,create_date,begin_date,end_date,right_flag) values ('bizSetDep','bizDepDownload','admin','admin',0,0,0,'2');
insert into tsys_user_right (trans_code,sub_trans_code,user_id,create_by,create_date,begin_date,end_date,right_flag) values ('bizSetOffice','bizOfficeDownload','admin','admin',0,0,0,'1');
insert into tsys_user_right (trans_code,sub_trans_code,user_id,create_by,create_date,begin_date,end_date,right_flag) values ('bizSetOffice','bizOfficeDownload','admin','admin',0,0,0,'2');
insert into tsys_user_right (trans_code,sub_trans_code,user_id,create_by,create_date,begin_date,end_date,right_flag) values ('bizSetUser','bizUserAdd','admin','admin',0,0,0,'1');
insert into tsys_user_right (trans_code,sub_trans_code,user_id,create_by,create_date,begin_date,end_date,right_flag) values ('bizSetUser','bizUserAdd','admin','admin',0,0,0,'2');
insert into tsys_user_right (trans_code,sub_trans_code,user_id,create_by,create_date,begin_date,end_date,right_flag) values ('bizSetUser','bizUserModfiy','admin','admin',0,0,0,'1');
insert into tsys_user_right (trans_code,sub_trans_code,user_id,create_by,create_date,begin_date,end_date,right_flag) values ('bizSetUser','bizUserModfiy','admin','admin',0,0,0,'2');
insert into tsys_user_right (trans_code,sub_trans_code,user_id,create_by,create_date,begin_date,end_date,right_flag) values ('bizSetUser','bizUserRemove','admin','admin',0,0,0,'1');
insert into tsys_user_right (trans_code,sub_trans_code,user_id,create_by,create_date,begin_date,end_date,right_flag) values ('bizSetUser','bizUserRemove','admin','admin',0,0,0,'2');
insert into tsys_user_right (trans_code,sub_trans_code,user_id,create_by,create_date,begin_date,end_date,right_flag) values ('bizSetUser','bizUserLock','admin','admin',0,0,0,'1');
insert into tsys_user_right (trans_code,sub_trans_code,user_id,create_by,create_date,begin_date,end_date,right_flag) values ('bizSetUser','bizUserLock','admin','admin',0,0,0,'2');
insert into tsys_user_right (trans_code,sub_trans_code,user_id,create_by,create_date,begin_date,end_date,right_flag) values ('bizSetUser','bizUserUnLock','admin','admin',0,0,0,'1');
insert into tsys_user_right (trans_code,sub_trans_code,user_id,create_by,create_date,begin_date,end_date,right_flag) values ('bizSetUser','bizUserUnLock','admin','admin',0,0,0,'2');
insert into tsys_user_right (trans_code,sub_trans_code,user_id,create_by,create_date,begin_date,end_date,right_flag) values ('bizSetUser','bizUserOpAuth','admin','admin',0,0,0,'1');
insert into tsys_user_right (trans_code,sub_trans_code,user_id,create_by,create_date,begin_date,end_date,right_flag) values ('bizSetUser','bizUserOpAuth','admin','admin',0,0,0,'2');
insert into tsys_user_right (trans_code,sub_trans_code,user_id,create_by,create_date,begin_date,end_date,right_flag) values ('bizSetUser','bizUserRightAuth','admin','admin',0,0,0,'1');
insert into tsys_user_right (trans_code,sub_trans_code,user_id,create_by,create_date,begin_date,end_date,right_flag) values ('bizSetUser','bizUserRightAuth','admin','admin',0,0,0,'2');
insert into tsys_user_right (trans_code,sub_trans_code,user_id,create_by,create_date,begin_date,end_date,right_flag) values ('bizSetTrans','bizTransAdd','admin','admin',0,0,0,'1');
insert into tsys_user_right (trans_code,sub_trans_code,user_id,create_by,create_date,begin_date,end_date,right_flag) values ('bizSetTrans','bizTransAdd','admin','admin',0,0,0,'2');
insert into tsys_user_right (trans_code,sub_trans_code,user_id,create_by,create_date,begin_date,end_date,right_flag) values ('bizSetRight','bizOpAuthed','admin','admin',0,0,0,'1');
insert into tsys_user_right (trans_code,sub_trans_code,user_id,create_by,create_date,begin_date,end_date,right_flag) values ('bizSetRight','bizOpAuthed','admin','admin',0,0,0,'2');
insert into tsys_user_right (trans_code,sub_trans_code,user_id,create_by,create_date,begin_date,end_date,right_flag) values ('bizSetRight','bizToRightAuth','admin','admin',0,0,0,'1');
insert into tsys_user_right (trans_code,sub_trans_code,user_id,create_by,create_date,begin_date,end_date,right_flag) values ('bizSetRight','bizToRightAuth','admin','admin',0,0,0,'2');
insert into tsys_user_right (trans_code,sub_trans_code,user_id,create_by,create_date,begin_date,end_date,right_flag) values ('bizSetRight','bizToOpAuth','admin','admin',0,0,0,'2');
insert into tsys_user_right (trans_code,sub_trans_code,user_id,create_by,create_date,begin_date,end_date,right_flag) values ('bizSetRight','bizToOpAuth','admin','admin',0,0,0,'1');
insert into tsys_user_right (trans_code,sub_trans_code,user_id,create_by,create_date,begin_date,end_date,right_flag) values ('bizSetRight','bizRightAuthed','admin','admin',0,0,0,'2');
insert into tsys_user_right (trans_code,sub_trans_code,user_id,create_by,create_date,begin_date,end_date,right_flag) values ('bizSetRight','bizRightAuthed','admin','admin',0,0,0,'1');
insert into tsys_user_right (trans_code,sub_trans_code,user_id,create_by,create_date,begin_date,end_date,right_flag) values ('bizSetRight','bizGiveAuthR','admin','admin',0,0,0,'1');
insert into tsys_user_right (trans_code,sub_trans_code,user_id,create_by,create_date,begin_date,end_date,right_flag) values ('bizSetRight','bizGiveAuthR','admin','admin',0,0,0,'2');
insert into tsys_user_right (trans_code,sub_trans_code,user_id,create_by,create_date,begin_date,end_date,right_flag) values ('bizSetRight','bizGiveOpR','admin','admin',0,0,0,'1');
insert into tsys_user_right (trans_code,sub_trans_code,user_id,create_by,create_date,begin_date,end_date,right_flag) values ('bizSetRight','bizGiveOpR','admin','admin',0,0,0,'2');
insert into tsys_user_right (trans_code,sub_trans_code,user_id,create_by,create_date,begin_date,end_date,right_flag) values ('bizSysStatus','bizUIStatus','admin','admin',0,0,0,'2');
insert into tsys_user_right (trans_code,sub_trans_code,user_id,create_by,create_date,begin_date,end_date,right_flag) values ('bizSysStatus','bizUIStatus','admin','admin',0,0,0,'1');
insert into tsys_user_right (trans_code,sub_trans_code,user_id,create_by,create_date,begin_date,end_date,right_flag) values ('bizSysStatus','bizKernelStatus','admin','admin',0,0,0,'2');
insert into tsys_user_right (trans_code,sub_trans_code,user_id,create_by,create_date,begin_date,end_date,right_flag) values ('bizSysStatus','bizKernelStatus','admin','admin',0,0,0,'1');
insert into tsys_user_right (trans_code,sub_trans_code,user_id,create_by,create_date,begin_date,end_date,right_flag) values ('bizSysStatus','bizDBStatus','admin','admin',0,0,0,'2');
insert into tsys_user_right (trans_code,sub_trans_code,user_id,create_by,create_date,begin_date,end_date,right_flag) values ('bizSysStatus','bizDBStatus','admin','admin',0,0,0,'1');
insert into tsys_user_right (trans_code,sub_trans_code,user_id,create_by,create_date,begin_date,end_date,right_flag) values ('bizSysStatus','bizCacheStatus','admin','admin',0,0,0,'2');
insert into tsys_user_right (trans_code,sub_trans_code,user_id,create_by,create_date,begin_date,end_date,right_flag) values ('bizSysStatus','bizCacheStatus','admin','admin',0,0,0,'1');
insert into tsys_user_right (trans_code,sub_trans_code,user_id,create_by,create_date,begin_date,end_date,right_flag) values ('bizSysStatus','bizCEPStatus','admin','admin',0,0,0,'2');
insert into tsys_user_right (trans_code,sub_trans_code,user_id,create_by,create_date,begin_date,end_date,right_flag) values ('bizSysStatus','bizCEPStatus','admin','admin',0,0,0,'1');
insert into tsys_user_right (trans_code,sub_trans_code,user_id,create_by,create_date,begin_date,end_date,right_flag) values ('bizSysStatus','FindMonitorInfo','admin','admin',0,0,0,'1');
insert into tsys_user_right (trans_code,sub_trans_code,user_id,create_by,create_date,begin_date,end_date,right_flag) values ('bizSysStatus','FindMonitorInfo','admin','admin',0,0,0,'2');
insert into tsys_user_right (trans_code,sub_trans_code,user_id,create_by,create_date,begin_date,end_date,right_flag) values ('bizSysStatus','StartMonitorT','admin','admin',0,0,0,'1');
insert into tsys_user_right (trans_code,sub_trans_code,user_id,create_by,create_date,begin_date,end_date,right_flag) values ('bizSysStatus','StartMonitorT','admin','admin',0,0,0,'2');
insert into tsys_user_right (trans_code,sub_trans_code,user_id,create_by,create_date,begin_date,end_date,right_flag) values ('bizMenu','bizMenuSQL','admin','admin',0,0,0,'1');
insert into tsys_user_right (trans_code,sub_trans_code,user_id,create_by,create_date,begin_date,end_date,right_flag) values ('bizMenu','bizMenuSQL','admin','admin',0,0,0,'2');
insert into tsys_user_right (trans_code,sub_trans_code,user_id,create_by,create_date,begin_date,end_date,right_flag) values ('bizMenu','bizMenu','admin','admin',0,0,0,'1');
insert into tsys_user_right (trans_code,sub_trans_code,user_id,create_by,create_date,begin_date,end_date,right_flag) values ('bizSysManager','bizSysManager','admin','admin',0,0,0,'1');
insert into tsys_user_right (trans_code,sub_trans_code,user_id,create_by,create_date,begin_date,end_date,right_flag) values ('bizSetKind','bizSetKindFind','admin','admin',0,0,0,'1');
insert into tsys_user_right (trans_code,sub_trans_code,user_id,create_by,create_date,begin_date,end_date,right_flag) values ('bizSetDict','bizDictEntryFind','admin','admin',0,0,0,'1');
insert into tsys_user_right (trans_code,sub_trans_code,user_id,create_by,create_date,begin_date,end_date,right_flag) values ('bizSetParam','bizSetParamFind','admin','admin',0,0,0,'1');
insert into tsys_user_right (trans_code,sub_trans_code,user_id,create_by,create_date,begin_date,end_date,right_flag) values ('bizUserManager','bizUserManager','admin','admin',0,0,0,'1');
insert into tsys_user_right (trans_code,sub_trans_code,user_id,create_by,create_date,begin_date,end_date,right_flag) values ('bizSetBranch','bizBranchFind','admin','admin',0,0,0,'2');
insert into tsys_user_right (trans_code,sub_trans_code,user_id,create_by,create_date,begin_date,end_date,right_flag) values ('bizSetUser','bizSetUserFind','admin','admin',0,0,0,'1');
insert into tsys_user_right (trans_code,sub_trans_code,user_id,create_by,create_date,begin_date,end_date,right_flag) values ('bizSetRole','bizSetRoleFind','admin','admin',0,0,0,'1');
insert into tsys_user_right (trans_code,sub_trans_code,user_id,create_by,create_date,begin_date,end_date,right_flag) values ('bizMenu','bizMenu','admin','admin',0,0,0,'2');
insert into tsys_user_right (trans_code,sub_trans_code,user_id,create_by,create_date,begin_date,end_date,right_flag) values ('bizSysManager','bizSysManager','admin','admin',0,0,0,'2');
insert into tsys_user_right (trans_code,sub_trans_code,user_id,create_by,create_date,begin_date,end_date,right_flag) values ('bizSetKind','bizSetKindFind','admin','admin',0,0,0,'2');
insert into tsys_user_right (trans_code,sub_trans_code,user_id,create_by,create_date,begin_date,end_date,right_flag) values ('bizSetParam','bizSetParamFind','admin','admin',0,0,0,'2');
insert into tsys_user_right (trans_code,sub_trans_code,user_id,create_by,create_date,begin_date,end_date,right_flag) values ('bizUserManager','bizUserManager','admin','admin',0,0,0,'2');
insert into tsys_user_right (trans_code,sub_trans_code,user_id,create_by,create_date,begin_date,end_date,right_flag) values ('bizSetTrans','bizTransFind','admin','admin',0,0,0,'1');
insert into tsys_user_right (trans_code,sub_trans_code,user_id,create_by,create_date,begin_date,end_date,right_flag) values ('bizSetUser','bizSetUserFind','admin','admin',0,0,0,'2');
insert into tsys_user_right (trans_code,sub_trans_code,user_id,create_by,create_date,begin_date,end_date,right_flag) values ('bizSetRole','bizSetRoleFind','admin','admin',0,0,0,'2');
insert into tsys_user_right (trans_code,sub_trans_code,user_id,create_by,create_date,begin_date,end_date,right_flag) values ('bizSetRole','bizSetRoleAdd','admin','admin',0,0,0,'1');
insert into tsys_user_right (trans_code,sub_trans_code,user_id,create_by,create_date,begin_date,end_date,right_flag) values ('bizSetRole','bizSetRoleAdd','admin','admin',0,0,0,'2');
insert into tsys_user_right (trans_code,sub_trans_code,user_id,create_by,create_date,begin_date,end_date,right_flag) values ('bizSetRole','bizSetRoleEdit','admin','admin',0,0,0,'2');
insert into tsys_user_right (trans_code,sub_trans_code,user_id,create_by,create_date,begin_date,end_date,right_flag) values ('bizSetRole','bizSetRoleEdit','admin','admin',0,0,0,'1');
insert into tsys_user_right (trans_code,sub_trans_code,user_id,create_by,create_date,begin_date,end_date,right_flag) values ('bizSetRole','bizSetRoleDelete','admin','admin',0,0,0,'1');
insert into tsys_user_right (trans_code,sub_trans_code,user_id,create_by,create_date,begin_date,end_date,right_flag) values ('bizSetRole','bizSetRoleDelete','admin','admin',0,0,0,'2');
insert into tsys_user_right (trans_code,sub_trans_code,user_id,create_by,create_date,begin_date,end_date,right_flag) values ('bizSetRole','bizSetRoleARight','admin','admin',0,0,0,'2');
insert into tsys_user_right (trans_code,sub_trans_code,user_id,create_by,create_date,begin_date,end_date,right_flag) values ('bizSetRole','bizSetRoleARight','admin','admin',0,0,0,'1');
insert into tsys_user_right (trans_code,sub_trans_code,user_id,create_by,create_date,begin_date,end_date,right_flag) values ('bizSetRole','bizSetRoleORight','admin','admin',0,0,0,'1');
insert into tsys_user_right (trans_code,sub_trans_code,user_id,create_by,create_date,begin_date,end_date,right_flag) values ('bizSetRole','bizSetRoleORight','admin','admin',0,0,0,'2');
insert into tsys_user_right (trans_code,sub_trans_code,user_id,create_by,create_date,begin_date,end_date,right_flag) values ('bizSetBranch','bizBranchFind','admin','admin',0,0,0,'1');
insert into tsys_user_right (trans_code,sub_trans_code,user_id,create_by,create_date,begin_date,end_date,right_flag) values ('bizSetTrans','bizTransFind','admin','admin',0,0,0,'2');
insert into tsys_user_right (trans_code,sub_trans_code,user_id,create_by,create_date,begin_date,end_date,right_flag) values ('bizSetTrans','bizTransRemove','admin','admin',0,0,0,'1');
insert into tsys_user_right (trans_code,sub_trans_code,user_id,create_by,create_date,begin_date,end_date,right_flag) values ('bizSetTrans','bizTransRemove','admin','admin',0,0,0,'2');
insert into tsys_user_right (trans_code,sub_trans_code,user_id,create_by,create_date,begin_date,end_date,right_flag) values ('bizSetTrans','bizTransModify','admin','admin',0,0,0,'1');
insert into tsys_user_right (trans_code,sub_trans_code,user_id,create_by,create_date,begin_date,end_date,right_flag) values ('bizSetTrans','bizTransModify','admin','admin',0,0,0,'2');
insert into tsys_user_right (trans_code,sub_trans_code,user_id,create_by,create_date,begin_date,end_date,right_flag) values ('bizSetSubTrans','bizSubTransFind','admin','admin',0,0,0,'1');
insert into tsys_user_right (trans_code,sub_trans_code,user_id,create_by,create_date,begin_date,end_date,right_flag) values ('bizSetSubTrans','bizSubTransFind','admin','admin',0,0,0,'2');
insert into tsys_user_right (trans_code,sub_trans_code,user_id,create_by,create_date,begin_date,end_date,right_flag) values ('bizSetSubTrans','bizSubTransAdd','admin','admin',0,0,0,'1');
insert into tsys_user_right (trans_code,sub_trans_code,user_id,create_by,create_date,begin_date,end_date,right_flag) values ('bizSetSubTrans','bizSubTransAdd','admin','admin',0,0,0,'2');
insert into tsys_user_right (trans_code,sub_trans_code,user_id,create_by,create_date,begin_date,end_date,right_flag) values ('bizSetSubTrans','bizSubTransEdit','admin','admin',0,0,0,'1');
insert into tsys_user_right (trans_code,sub_trans_code,user_id,create_by,create_date,begin_date,end_date,right_flag) values ('bizSetSubTrans','bizSubTransEdit','admin','admin',0,0,0,'2');
insert into tsys_user_right (trans_code,sub_trans_code,user_id,create_by,create_date,begin_date,end_date,right_flag) values ('bizSetSubTrans','bizSubTransDel','admin','admin',0,0,0,'1');
insert into tsys_user_right (trans_code,sub_trans_code,user_id,create_by,create_date,begin_date,end_date,right_flag) values ('bizSetSubTrans','bizSubTransDel','admin','admin',0,0,0,'2');
insert into tsys_user_right (trans_code,sub_trans_code,user_id,create_by,create_date,begin_date,end_date,right_flag) values ('bizSetRight','bizCancelAuthR','admin','admin',0,0,0,'2');
insert into tsys_user_right (trans_code,sub_trans_code,user_id,create_by,create_date,begin_date,end_date,right_flag) values ('bizSetRight','bizCancelAuthR','admin','admin',0,0,0,'1');
insert into tsys_user_right (trans_code,sub_trans_code,user_id,create_by,create_date,begin_date,end_date,right_flag) values ('bizSetRight','bizCancelOpR','admin','admin',0,0,0,'2');
insert into tsys_user_right (trans_code,sub_trans_code,user_id,create_by,create_date,begin_date,end_date,right_flag) values ('bizSetRight','bizCancelOpR','admin','admin',0,0,0,'1');
insert into tsys_user_right (trans_code,sub_trans_code,user_id,create_by,create_date,begin_date,end_date,right_flag) values ('bizSysStatus','StopMonitor','admin','admin',0,0,0,'1');
insert into tsys_user_right (trans_code,sub_trans_code,user_id,create_by,create_date,begin_date,end_date,right_flag) values ('bizSysStatus','StopMonitor','admin','admin',0,0,0,'2');
insert into tsys_user_right (trans_code,sub_trans_code,user_id,create_by,create_date,begin_date,end_date,right_flag) values ('bizSetDict','bizDictEntryFind','admin','admin',0,0,0,'2');
insert into tsys_user_right (trans_code,sub_trans_code,user_id,create_by,create_date,begin_date,end_date,right_flag) values ('bizSetBranch','bizBranchAdd','admin','admin',0,0,0,'1');
insert into tsys_user_right (trans_code,sub_trans_code,user_id,create_by,create_date,begin_date,end_date,right_flag) values ('bizSetBranch','bizBranchAdd','admin','admin',0,0,0,'2');
insert into tsys_user_right (trans_code,sub_trans_code,user_id,create_by,create_date,begin_date,end_date,right_flag) values ('bizSetBranch','bizBranchEdit','admin','admin',0,0,0,'1');
insert into tsys_user_right (trans_code,sub_trans_code,user_id,create_by,create_date,begin_date,end_date,right_flag) values ('bizSetBranch','bizBranchEdit','admin','admin',0,0,0,'2');
insert into tsys_user_right (trans_code,sub_trans_code,user_id,create_by,create_date,begin_date,end_date,right_flag) values ('bizSetBranch','bizBranchDel','admin','admin',0,0,0,'1');
insert into tsys_user_right (trans_code,sub_trans_code,user_id,create_by,create_date,begin_date,end_date,right_flag) values ('bizSetBranch','bizBranchDel','admin','admin',0,0,0,'2');
insert into tsys_user_right (trans_code,sub_trans_code,user_id,create_by,create_date,begin_date,end_date,right_flag) values ('bizSetDep','bizDepFind','admin','admin',0,0,0,'1');
insert into tsys_user_right (trans_code,sub_trans_code,user_id,create_by,create_date,begin_date,end_date,right_flag) values ('bizSetDep','bizDepFind','admin','admin',0,0,0,'2');
insert into tsys_user_right (trans_code,sub_trans_code,user_id,create_by,create_date,begin_date,end_date,right_flag) values ('bizSetDep','bizDepAdd','admin','admin',0,0,0,'1');
insert into tsys_user_right (trans_code,sub_trans_code,user_id,create_by,create_date,begin_date,end_date,right_flag) values ('bizSetDep','bizDepEdit','admin','admin',0,0,0,'1');
insert into tsys_user_right (trans_code,sub_trans_code,user_id,create_by,create_date,begin_date,end_date,right_flag) values ('bizSetDep','bizDepEdit','admin','admin',0,0,0,'2');
insert into tsys_user_right (trans_code,sub_trans_code,user_id,create_by,create_date,begin_date,end_date,right_flag) values ('bizSetDep','bizDepDel','admin','admin',0,0,0,'1');
insert into tsys_user_right (trans_code,sub_trans_code,user_id,create_by,create_date,begin_date,end_date,right_flag) values ('bizSetDep','bizDepDel','admin','admin',0,0,0,'2');
insert into tsys_user_right (trans_code,sub_trans_code,user_id,create_by,create_date,begin_date,end_date,right_flag) values ('bizSetOffice','bizOfficeFind','admin','admin',0,0,0,'1');
insert into tsys_user_right (trans_code,sub_trans_code,user_id,create_by,create_date,begin_date,end_date,right_flag) values ('bizSetOffice','bizOfficeFind','admin','admin',0,0,0,'2');
insert into tsys_user_right (trans_code,sub_trans_code,user_id,create_by,create_date,begin_date,end_date,right_flag) values ('bizSetOffice','bizOfficeAdd','admin','admin',0,0,0,'1');
insert into tsys_user_right (trans_code,sub_trans_code,user_id,create_by,create_date,begin_date,end_date,right_flag) values ('bizSetOffice','bizOfficeAdd','admin','admin',0,0,0,'2');
insert into tsys_user_right (trans_code,sub_trans_code,user_id,create_by,create_date,begin_date,end_date,right_flag) values ('bizSetOffice','bizOfficeEdit','admin','admin',0,0,0,'1');
insert into tsys_user_right (trans_code,sub_trans_code,user_id,create_by,create_date,begin_date,end_date,right_flag) values ('bizSetOffice','bizOfficeEdit','admin','admin',0,0,0,'2');
insert into tsys_user_right (trans_code,sub_trans_code,user_id,create_by,create_date,begin_date,end_date,right_flag) values ('bizSetOffice','bizOfficeDel','admin','admin',0,0,0,'1');
insert into tsys_user_right (trans_code,sub_trans_code,user_id,create_by,create_date,begin_date,end_date,right_flag) values ('bizSetOffice','bizOfficeDel','admin','admin',0,0,0,'2');
insert into tsys_user_right (trans_code,sub_trans_code,user_id,create_by,create_date,begin_date,end_date,right_flag) values ('bizSysStatus','queryBizService','admin','admin',0,0,0,'1');
insert into tsys_user_right (trans_code,sub_trans_code,user_id,create_by,create_date,begin_date,end_date,right_flag) values ('bizSysStatus','queryBizService','admin','admin',0,0,0,'2');
insert into tsys_user_right (trans_code,sub_trans_code,user_id,create_by,create_date,begin_date,end_date,right_flag) values ('bizSetDict','bizDictEntryDownload','admin','admin',0,0,0,'1');
insert into tsys_user_right (trans_code,sub_trans_code,user_id,create_by,create_date,begin_date,end_date,right_flag) values ('bizSetDict','bizDictEntryDownload','admin','admin',0,0,0,'2');
insert into tsys_user_right (trans_code,sub_trans_code,user_id,create_by,create_date,begin_date,end_date,right_flag) values ('bizSysStatus','restartBizService','admin','admin',0,0,0,'1');
insert into tsys_user_right (trans_code,sub_trans_code,user_id,create_by,create_date,begin_date,end_date,right_flag) values ('bizSysStatus','restartBizService','admin','admin',0,0,0,'2');
insert into tsys_user_right (trans_code,sub_trans_code,user_id,create_by,create_date,begin_date,end_date,right_flag) values ('bizSetCache','bizCacheFresh','admin','admin',0,0,0,'1');
insert into tsys_user_right (trans_code,sub_trans_code,user_id,create_by,create_date,begin_date,end_date,right_flag) values ('bizSetCache','bizCacheFresh','admin','admin',0,0,0,'2');
insert into tsys_user_right (trans_code,sub_trans_code,user_id,create_by,create_date,begin_date,end_date,right_flag) values ('bizSetUser','bizUserGetUI','admin','admin',0,0,0,'1');
insert into tsys_user_right (trans_code,sub_trans_code,user_id,create_by,create_date,begin_date,end_date,right_flag) values ('bizSetUser','bizUserGetUI','admin','admin',0,0,0,'2');
insert into tsys_user_right (trans_code,sub_trans_code,user_id,create_by,create_date,begin_date,end_date,right_flag) values ('bizSysStatus','bizSysMain','admin','admin',0,0,0,'1');
insert into tsys_user_right (trans_code,sub_trans_code,user_id,create_by,create_date,begin_date,end_date,right_flag) values ('bizSysStatus','bizSysMain','admin','admin',0,0,0,'2');
insert into tsys_user_right (trans_code,sub_trans_code,user_id,create_by,create_date,begin_date,end_date,right_flag) values ('bizMsgManager','bizMsgManager','admin','admin',0,0,0,'1');
insert into tsys_user_right (trans_code,sub_trans_code,user_id,create_by,create_date,begin_date,end_date,right_flag) values ('bizMsgManager','bizMsgManager','admin','admin',0,0,0,'2');
insert into tsys_user_right (trans_code,sub_trans_code,user_id,create_by,create_date,begin_date,end_date,right_flag) values ('bizMsgManager','bizEmailInboxFind','admin','admin',0,0,0,'1');
insert into tsys_user_right (trans_code,sub_trans_code,user_id,create_by,create_date,begin_date,end_date,right_flag) values ('bizMsgManager','bizEmailInboxFind','admin','admin',0,0,0,'2');
insert into tsys_user_right (trans_code,sub_trans_code,user_id,create_by,create_date,begin_date,end_date,right_flag) values ('bizMsgManager','bizEmailOutboxFind','admin','admin',0,0,0,'1');
insert into tsys_user_right (trans_code,sub_trans_code,user_id,create_by,create_date,begin_date,end_date,right_flag) values ('bizMsgManager','bizEmailOutboxFind','admin','admin',0,0,0,'2');
insert into tsys_user_right (trans_code,sub_trans_code,user_id,create_by,create_date,begin_date,end_date,right_flag) values ('bizMsgManager','bizMsgSend','admin','admin',0,0,0,'1');
insert into tsys_user_right (trans_code,sub_trans_code,user_id,create_by,create_date,begin_date,end_date,right_flag) values ('bizMsgManager','bizMsgSend','admin','admin',0,0,0,'2');
insert into tsys_user_right (trans_code,sub_trans_code,user_id,create_by,create_date,begin_date,end_date,right_flag) values ('bizMsgManager','bizMsgDel','admin','admin',0,0,0,'1');
insert into tsys_user_right (trans_code,sub_trans_code,user_id,create_by,create_date,begin_date,end_date,right_flag) values ('bizMsgManager','bizMsgDel','admin','admin',0,0,0,'2');
insert into tsys_user_right (trans_code,sub_trans_code,user_id,create_by,create_date,begin_date,end_date,right_flag) values ('bizMsgManager','bizEmailView','admin','admin',0,0,0,'1');
insert into tsys_user_right (trans_code,sub_trans_code,user_id,create_by,create_date,begin_date,end_date,right_flag) values ('bizMsgManager','bizEmailView','admin','admin',0,0,0,'2');
insert into tsys_user_right (trans_code,sub_trans_code,user_id,create_by,create_date,begin_date,end_date,right_flag) values ('bizMsgManager','bizEmailPoll','admin','admin',0,0,0,'1');
insert into tsys_user_right (trans_code,sub_trans_code,user_id,create_by,create_date,begin_date,end_date,right_flag) values ('bizMsgManager','bizEmailPoll','admin','admin',0,0,0,'2');


delete from tsys_user_right where trans_code='bizSysStatus';
delete from tsys_role_right where trans_code='bizSysStatus';
delete from tsys_menu where trans_code='bizSysStatus';
delete from tsys_subtrans where  trans_code='bizSysStatus';
delete from tsys_trans where  trans_code='bizSysStatus';
insert into tsys_trans (trans_code,trans_name,kind_code,model_code,remark) values ('bizSysStatus','系统状态信息','BIZFRAME','1','');

insert into tsys_subtrans (trans_code,sub_trans_code,rel_serv,rel_url,ctrl_flag,login_flag,remark,ext_field_1,ext_field_2,ext_field_3,sub_trans_name) values ('bizSysStatus','bizCEPStatus','','monitor/sysStatus/CEPPlugin.mw','','1','','','','','CEP及其插件状态信息');
insert into tsys_subtrans (trans_code,sub_trans_code,rel_serv,rel_url,ctrl_flag,login_flag,remark,ext_field_1,ext_field_2,ext_field_3,sub_trans_name) values ('bizSysStatus','bizKernelStatus','','monitor/sysStatus/BizKernel.mw','','1','','','','','执行框架状态信息');
insert into tsys_subtrans (trans_code,sub_trans_code,rel_serv,rel_url,ctrl_flag,login_flag,remark,ext_field_1,ext_field_2,ext_field_3,sub_trans_name) values ('bizSysStatus','bizCacheStatus','','monitor/sysStatus/Cache.mw','','1','','','','','缓存状态信息');
insert into tsys_subtrans (trans_code,sub_trans_code,rel_serv,rel_url,ctrl_flag,login_flag,remark,ext_field_1,ext_field_2,ext_field_3,sub_trans_name) values ('bizSysStatus','bizDBStatus','','monitor/sysStatus/DataBase.mw','','1','','','','','数据库状态信息');
insert into tsys_subtrans (trans_code,sub_trans_code,rel_serv,rel_url,ctrl_flag,login_flag,remark,ext_field_1,ext_field_2,ext_field_3,sub_trans_name) values ('bizSysStatus','bizUIStatus','','monitor/sysStatus/UIEngine.mw','','1','','','','','UIEngine状态信息');
insert into tsys_subtrans (trans_code,sub_trans_code,rel_serv,rel_url,ctrl_flag,login_flag,remark,ext_field_1,ext_field_2,ext_field_3,sub_trans_name) values ('bizSysStatus','pauseBizService','monitor.sysStatus.pauseBizService','','','1','','','','','停止执行框架中的服务');
insert into tsys_subtrans (trans_code,sub_trans_code,rel_serv,rel_url,ctrl_flag,login_flag,remark,ext_field_1,ext_field_2,ext_field_3,sub_trans_name) values ('bizSysStatus','restartBizService','monitor.sysStatus.restartBizService','','','1','','','','','重启服务');
insert into tsys_subtrans (trans_code,sub_trans_code,rel_serv,rel_url,ctrl_flag,login_flag,remark,ext_field_1,ext_field_2,ext_field_3,sub_trans_name) values ('bizSysStatus','FindMonitorInfo','monitor.sysStatus.queryMonitor','','','1','','','','','查询某类处在监控状态的服务的监控信息');
insert into tsys_subtrans (trans_code,sub_trans_code,rel_serv,rel_url,ctrl_flag,login_flag,remark,ext_field_1,ext_field_2,ext_field_3,sub_trans_name) values ('bizSysStatus','StartMonitorT','monitor.sysStatus.startMonitor','','','1','','','','','启动某类型监控');
insert into tsys_subtrans (trans_code,sub_trans_code,rel_serv,rel_url,ctrl_flag,login_flag,remark,ext_field_1,ext_field_2,ext_field_3,sub_trans_name) values ('bizSysStatus','queryRuntimeParameters','com.hundsun.jres.manage','','','1','','','','','查询本地通道的一些运行时参数');
insert into tsys_subtrans (trans_code,sub_trans_code,rel_serv,rel_url,ctrl_flag,login_flag,remark,ext_field_1,ext_field_2,ext_field_3,sub_trans_name) values ('bizSysStatus','queryWaitingThread','com.hundsun.jres.manage','','','1','','','','','查询调用本地通道的同步方法，在当前时刻等待的线程');
insert into tsys_subtrans (trans_code,sub_trans_code,rel_serv,rel_url,ctrl_flag,login_flag,remark,ext_field_1,ext_field_2,ext_field_3,sub_trans_name) values ('bizSysStatus','modifyCounterFlag','com.hundsun.jres.manage','','','1','','','','','修改计数功能');
insert into tsys_subtrans (trans_code,sub_trans_code,rel_serv,rel_url,ctrl_flag,login_flag,remark,ext_field_1,ext_field_2,ext_field_3,sub_trans_name) values ('bizSysStatus','queryRouteTable','com.hundsun.jres.manage','','','1','','','','','查询路由表');
insert into tsys_subtrans (trans_code,sub_trans_code,rel_serv,rel_url,ctrl_flag,login_flag,remark,ext_field_1,ext_field_2,ext_field_3,sub_trans_name) values ('bizSysStatus','queryProcServices','com.hundsun.jres.manage','','','1','','','','','查查询本地业务处理插件向cepcore注册的服务列表');
insert into tsys_subtrans (trans_code,sub_trans_code,rel_serv,rel_url,ctrl_flag,login_flag,remark,ext_field_1,ext_field_2,ext_field_3,sub_trans_name) values ('bizSysStatus','getAllDataSourceInfo','com.hundsun.jres.manage','','','1','','','','','得到所有数据源的信息');
insert into tsys_subtrans (trans_code,sub_trans_code,rel_serv,rel_url,ctrl_flag,login_flag,remark,ext_field_1,ext_field_2,ext_field_3,sub_trans_name) values ('bizSysStatus','StopMonitor','monitor.sysStatus.stopMonitor','','','1','','','','','停止监控');
insert into tsys_subtrans (trans_code,sub_trans_code,rel_serv,rel_url,ctrl_flag,login_flag,remark,ext_field_1,ext_field_2,ext_field_3,sub_trans_name) values ('bizSysStatus','queryBizService','monitor.sysStatus.queryBizService','','','1','','','','','查询IAdapter信息');
insert into tsys_subtrans (trans_code,sub_trans_code,rel_serv,rel_url,ctrl_flag,login_flag,remark,ext_field_1,ext_field_2,ext_field_3,sub_trans_name) values ('bizSysStatus','getDataSourceInfo','com.hundsun.jres.manage','','','1','','','','','得到指定的数据源的信息');
insert into tsys_subtrans (trans_code,sub_trans_code,rel_serv,rel_url,ctrl_flag,login_flag,remark,ext_field_1,ext_field_2,ext_field_3,sub_trans_name) values ('bizSysStatus','queryDispatchPoolInfo','com.hundsun.jres.manage','','','1','','','','','查询cepcore的分发线程池');
insert into tsys_subtrans (trans_code,sub_trans_code,rel_serv,rel_url,ctrl_flag,login_flag,remark,ext_field_1,ext_field_2,ext_field_3,sub_trans_name) values ('bizSysStatus','queryBizServiceInfo','com.hundsun.jres.manage','','','1','','','','','查询本地业务处理插件的线程队列等信息');
insert into tsys_subtrans (trans_code,sub_trans_code,rel_serv,rel_url,ctrl_flag,login_flag,remark,ext_field_1,ext_field_2,ext_field_3,sub_trans_name) values ('bizSysStatus','bizSysMain','','monitor/sysStatus/sysMain.mw','','','','','','','系统状态主界面');
insert into tsys_subtrans (trans_code,sub_trans_code,rel_serv,rel_url,ctrl_flag,login_flag,remark,ext_field_1,ext_field_2,ext_field_3,sub_trans_name) values ('bizSysStatus','RemoveMonitor','com.hundsun.jres.manage','','','1','','','','','移出监控服务');
insert into tsys_subtrans (trans_code,sub_trans_code,rel_serv,rel_url,ctrl_flag,login_flag,remark,ext_field_1,ext_field_2,ext_field_3,sub_trans_name) values ('bizSysStatus','bizframeworkStatus','com.hundsun.jres.manage','monitor/sysStatus/framework.mw','','1','','','','','查询框架');
insert into tsys_subtrans (trans_code,sub_trans_code,rel_serv,rel_url,ctrl_flag,login_flag,remark,ext_field_1,ext_field_2,ext_field_3,sub_trans_name) values ('bizSysStatus','getCacheInfo','com.hundsun.jres.manage','','','1','','','','','查询缓存信息');
insert into tsys_subtrans (trans_code,sub_trans_code,rel_serv,rel_url,ctrl_flag,login_flag,remark,ext_field_1,ext_field_2,ext_field_3,sub_trans_name) values ('bizSysStatus','queryAllActiveConnect','com.hundsun.jres.manage','','','1','','','','','查询所有活动连接');
insert into tsys_subtrans (trans_code,sub_trans_code,rel_serv,rel_url,ctrl_flag,login_flag,remark,ext_field_1,ext_field_2,ext_field_3,sub_trans_name) values ('bizSysStatus','queryAllEventService','com.hundsun.jres.manage','','','1','','','','','查询所有插件服务');
insert into tsys_subtrans (trans_code,sub_trans_code,rel_serv,rel_url,ctrl_flag,login_flag,remark,ext_field_1,ext_field_2,ext_field_3,sub_trans_name) values ('bizSysStatus','queryAllPluginInfo','com.hundsun.jres.manage','','','1','','','','','查询所有的插件信息');
insert into tsys_subtrans (trans_code,sub_trans_code,rel_serv,rel_url,ctrl_flag,login_flag,remark,ext_field_1,ext_field_2,ext_field_3,sub_trans_name) values ('bizSysStatus','queryBizkernelMonitor','com.hundsun.jres.manage','','','1','','','','','查询监控状态');
insert into tsys_subtrans (trans_code,sub_trans_code,rel_serv,rel_url,ctrl_flag,login_flag,remark,ext_field_1,ext_field_2,ext_field_3,sub_trans_name) values ('bizSysStatus','queryConnectedNodes','com.hundsun.jres.manage','','','1','','','','','查询连接节点');
insert into tsys_subtrans (trans_code,sub_trans_code,rel_serv,rel_url,ctrl_flag,login_flag,remark,ext_field_1,ext_field_2,ext_field_3,sub_trans_name) values ('bizSysStatus','queryEventChains','com.hundsun.jres.manage','','','1','','','','','查询事件处理链');
insert into tsys_subtrans (trans_code,sub_trans_code,rel_serv,rel_url,ctrl_flag,login_flag,remark,ext_field_1,ext_field_2,ext_field_3,sub_trans_name) values ('bizSysStatus','registerCache','com.hundsun.jres.manage','','','1','','','','','缓存注册');
insert into tsys_subtrans (trans_code,sub_trans_code,rel_serv,rel_url,ctrl_flag,login_flag,remark,ext_field_1,ext_field_2,ext_field_3,sub_trans_name) values ('bizSysStatus','restartMonitorT','com.hundsun.jres.manage','','','1','','','','','重启服务');
insert into tsys_subtrans (trans_code,sub_trans_code,rel_serv,rel_url,ctrl_flag,login_flag,remark,ext_field_1,ext_field_2,ext_field_3,sub_trans_name) values ('bizSysStatus','startBizkernelMonitor','com.hundsun.jres.manage','','','1','','','','','启动监控状态');
insert into tsys_subtrans (trans_code,sub_trans_code,rel_serv,rel_url,ctrl_flag,login_flag,remark,ext_field_1,ext_field_2,ext_field_3,sub_trans_name) values ('bizSysStatus','stopBizkernelMonitor','com.hundsun.jres.manage','','','1','','','','','停止监控状态');
insert into tsys_subtrans (trans_code,sub_trans_code,rel_serv,rel_url,ctrl_flag,login_flag,remark,ext_field_1,ext_field_2,ext_field_3,sub_trans_name) values ('bizSysStatus','unregisterCache','com.hundsun.jres.manage','','','1','','','','','缓存注销');

insert into tsys_menu (menu_code,kind_code,trans_code,sub_trans_code,menu_name,menu_arg,menu_icon,window_type,tip,hot_key,parent_code,order_no,open_flag,tree_idx,remark) values ('bizSysStatus','BIZFRAME','bizSysStatus','bizSysMain','系统状态信息','','images/bizframe/bizSysStatus.png','','','','bizOnlineMonitor',2,'','#bizroot#BIZFRAME#bizMenu#bizMonitorMenu#bizSysStatus#','');

insert into tsys_user_right (trans_code,sub_trans_code,user_id,create_by,create_date,begin_date,end_date,right_flag) values ('bizSysStatus','bizCEPStatus','admin','admin',0,0,0,'1');
insert into tsys_user_right (trans_code,sub_trans_code,user_id,create_by,create_date,begin_date,end_date,right_flag) values ('bizSysStatus','bizCEPStatus','admin','admin',0,0,0,'2');
insert into tsys_user_right (trans_code,sub_trans_code,user_id,create_by,create_date,begin_date,end_date,right_flag) values ('bizSysStatus','bizKernelStatus','admin','admin',0,0,0,'1');
insert into tsys_user_right (trans_code,sub_trans_code,user_id,create_by,create_date,begin_date,end_date,right_flag) values ('bizSysStatus','bizKernelStatus','admin','admin',0,0,0,'2');
insert into tsys_user_right (trans_code,sub_trans_code,user_id,create_by,create_date,begin_date,end_date,right_flag) values ('bizSysStatus','bizCacheStatus','admin','admin',0,0,0,'1');
insert into tsys_user_right (trans_code,sub_trans_code,user_id,create_by,create_date,begin_date,end_date,right_flag) values ('bizSysStatus','bizCacheStatus','admin','admin',0,0,0,'2');
insert into tsys_user_right (trans_code,sub_trans_code,user_id,create_by,create_date,begin_date,end_date,right_flag) values ('bizSysStatus','bizDBStatus','admin','admin',0,0,0,'1');
insert into tsys_user_right (trans_code,sub_trans_code,user_id,create_by,create_date,begin_date,end_date,right_flag) values ('bizSysStatus','bizDBStatus','admin','admin',0,0,0,'2');
insert into tsys_user_right (trans_code,sub_trans_code,user_id,create_by,create_date,begin_date,end_date,right_flag) values ('bizSysStatus','bizUIStatus','admin','admin',0,0,0,'1');
insert into tsys_user_right (trans_code,sub_trans_code,user_id,create_by,create_date,begin_date,end_date,right_flag) values ('bizSysStatus','bizUIStatus','admin','admin',0,0,0,'2');
insert into tsys_user_right (trans_code,sub_trans_code,user_id,create_by,create_date,begin_date,end_date,right_flag) values ('bizSysStatus','pauseBizService','admin','admin',0,0,0,'1');
insert into tsys_user_right (trans_code,sub_trans_code,user_id,create_by,create_date,begin_date,end_date,right_flag) values ('bizSysStatus','pauseBizService','admin','admin',0,0,0,'2');
insert into tsys_user_right (trans_code,sub_trans_code,user_id,create_by,create_date,begin_date,end_date,right_flag) values ('bizSysStatus','restartBizService','admin','admin',0,0,0,'1');
insert into tsys_user_right (trans_code,sub_trans_code,user_id,create_by,create_date,begin_date,end_date,right_flag) values ('bizSysStatus','restartBizService','admin','admin',0,0,0,'2');
insert into tsys_user_right (trans_code,sub_trans_code,user_id,create_by,create_date,begin_date,end_date,right_flag) values ('bizSysStatus','FindMonitorInfo','admin','admin',0,0,0,'1');
insert into tsys_user_right (trans_code,sub_trans_code,user_id,create_by,create_date,begin_date,end_date,right_flag) values ('bizSysStatus','FindMonitorInfo','admin','admin',0,0,0,'2');
insert into tsys_user_right (trans_code,sub_trans_code,user_id,create_by,create_date,begin_date,end_date,right_flag) values ('bizSysStatus','StartMonitorT','admin','admin',0,0,0,'1');
insert into tsys_user_right (trans_code,sub_trans_code,user_id,create_by,create_date,begin_date,end_date,right_flag) values ('bizSysStatus','StartMonitorT','admin','admin',0,0,0,'2');
insert into tsys_user_right (trans_code,sub_trans_code,user_id,create_by,create_date,begin_date,end_date,right_flag) values ('bizSysStatus','queryRuntimeParameters','admin','admin',0,0,0,'1');
insert into tsys_user_right (trans_code,sub_trans_code,user_id,create_by,create_date,begin_date,end_date,right_flag) values ('bizSysStatus','queryRuntimeParameters','admin','admin',0,0,0,'2');
insert into tsys_user_right (trans_code,sub_trans_code,user_id,create_by,create_date,begin_date,end_date,right_flag) values ('bizSysStatus','queryWaitingThread','admin','admin',0,0,0,'1');
insert into tsys_user_right (trans_code,sub_trans_code,user_id,create_by,create_date,begin_date,end_date,right_flag) values ('bizSysStatus','queryWaitingThread','admin','admin',0,0,0,'2');
insert into tsys_user_right (trans_code,sub_trans_code,user_id,create_by,create_date,begin_date,end_date,right_flag) values ('bizSysStatus','modifyCounterFlag','admin','admin',0,0,0,'1');
insert into tsys_user_right (trans_code,sub_trans_code,user_id,create_by,create_date,begin_date,end_date,right_flag) values ('bizSysStatus','modifyCounterFlag','admin','admin',0,0,0,'2');
insert into tsys_user_right (trans_code,sub_trans_code,user_id,create_by,create_date,begin_date,end_date,right_flag) values ('bizSysStatus','queryRouteTable','admin','admin',0,0,0,'1');
insert into tsys_user_right (trans_code,sub_trans_code,user_id,create_by,create_date,begin_date,end_date,right_flag) values ('bizSysStatus','queryRouteTable','admin','admin',0,0,0,'2');
insert into tsys_user_right (trans_code,sub_trans_code,user_id,create_by,create_date,begin_date,end_date,right_flag) values ('bizSysStatus','queryProcServices','admin','admin',0,0,0,'1');
insert into tsys_user_right (trans_code,sub_trans_code,user_id,create_by,create_date,begin_date,end_date,right_flag) values ('bizSysStatus','queryProcServices','admin','admin',0,0,0,'2');
insert into tsys_user_right (trans_code,sub_trans_code,user_id,create_by,create_date,begin_date,end_date,right_flag) values ('bizSysStatus','getAllDataSourceInfo','admin','admin',0,0,0,'1');
insert into tsys_user_right (trans_code,sub_trans_code,user_id,create_by,create_date,begin_date,end_date,right_flag) values ('bizSysStatus','getAllDataSourceInfo','admin','admin',0,0,0,'2');
insert into tsys_user_right (trans_code,sub_trans_code,user_id,create_by,create_date,begin_date,end_date,right_flag) values ('bizSysStatus','StopMonitor','admin','admin',0,0,0,'1');
insert into tsys_user_right (trans_code,sub_trans_code,user_id,create_by,create_date,begin_date,end_date,right_flag) values ('bizSysStatus','StopMonitor','admin','admin',0,0,0,'2');
insert into tsys_user_right (trans_code,sub_trans_code,user_id,create_by,create_date,begin_date,end_date,right_flag) values ('bizSysStatus','queryBizService','admin','admin',0,0,0,'1');
insert into tsys_user_right (trans_code,sub_trans_code,user_id,create_by,create_date,begin_date,end_date,right_flag) values ('bizSysStatus','queryBizService','admin','admin',0,0,0,'2');
insert into tsys_user_right (trans_code,sub_trans_code,user_id,create_by,create_date,begin_date,end_date,right_flag) values ('bizSysStatus','getDataSourceInfo','admin','admin',0,0,0,'1');
insert into tsys_user_right (trans_code,sub_trans_code,user_id,create_by,create_date,begin_date,end_date,right_flag) values ('bizSysStatus','getDataSourceInfo','admin','admin',0,0,0,'2');
insert into tsys_user_right (trans_code,sub_trans_code,user_id,create_by,create_date,begin_date,end_date,right_flag) values ('bizSysStatus','queryDispatchPoolInfo','admin','admin',0,0,0,'1');
insert into tsys_user_right (trans_code,sub_trans_code,user_id,create_by,create_date,begin_date,end_date,right_flag) values ('bizSysStatus','queryDispatchPoolInfo','admin','admin',0,0,0,'2');
insert into tsys_user_right (trans_code,sub_trans_code,user_id,create_by,create_date,begin_date,end_date,right_flag) values ('bizSysStatus','queryBizServiceInfo','admin','admin',0,0,0,'1');
insert into tsys_user_right (trans_code,sub_trans_code,user_id,create_by,create_date,begin_date,end_date,right_flag) values ('bizSysStatus','queryBizServiceInfo','admin','admin',0,0,0,'2');
insert into tsys_user_right (trans_code,sub_trans_code,user_id,create_by,create_date,begin_date,end_date,right_flag) values ('bizSysStatus','bizSysMain','admin','admin',0,0,0,'1');
insert into tsys_user_right (trans_code,sub_trans_code,user_id,create_by,create_date,begin_date,end_date,right_flag) values ('bizSysStatus','bizSysMain','admin','admin',0,0,0,'2');
insert into tsys_user_right (trans_code,sub_trans_code,user_id,create_by,create_date,begin_date,end_date,right_flag) values ('bizSysStatus','RemoveMonitor','admin','admin',0,0,0,'1');
insert into tsys_user_right (trans_code,sub_trans_code,user_id,create_by,create_date,begin_date,end_date,right_flag) values ('bizSysStatus','RemoveMonitor','admin','admin',0,0,0,'2');
insert into tsys_user_right (trans_code,sub_trans_code,user_id,create_by,create_date,begin_date,end_date,right_flag) values ('bizSysStatus','bizframeworkStatus','admin','admin',0,0,0,'1');
insert into tsys_user_right (trans_code,sub_trans_code,user_id,create_by,create_date,begin_date,end_date,right_flag) values ('bizSysStatus','bizframeworkStatus','admin','admin',0,0,0,'2');
insert into tsys_user_right (trans_code,sub_trans_code,user_id,create_by,create_date,begin_date,end_date,right_flag) values ('bizSysStatus','getCacheInfo','admin','admin',0,0,0,'1');
insert into tsys_user_right (trans_code,sub_trans_code,user_id,create_by,create_date,begin_date,end_date,right_flag) values ('bizSysStatus','getCacheInfo','admin','admin',0,0,0,'2');
insert into tsys_user_right (trans_code,sub_trans_code,user_id,create_by,create_date,begin_date,end_date,right_flag) values ('bizSysStatus','queryAllActiveConnect','admin','admin',0,0,0,'1');
insert into tsys_user_right (trans_code,sub_trans_code,user_id,create_by,create_date,begin_date,end_date,right_flag) values ('bizSysStatus','queryAllActiveConnect','admin','admin',0,0,0,'2');
insert into tsys_user_right (trans_code,sub_trans_code,user_id,create_by,create_date,begin_date,end_date,right_flag) values ('bizSysStatus','queryAllEventService','admin','admin',0,0,0,'1');
insert into tsys_user_right (trans_code,sub_trans_code,user_id,create_by,create_date,begin_date,end_date,right_flag) values ('bizSysStatus','queryAllEventService','admin','admin',0,0,0,'2');
insert into tsys_user_right (trans_code,sub_trans_code,user_id,create_by,create_date,begin_date,end_date,right_flag) values ('bizSysStatus','queryAllPluginInfo','admin','admin',0,0,0,'1');
insert into tsys_user_right (trans_code,sub_trans_code,user_id,create_by,create_date,begin_date,end_date,right_flag) values ('bizSysStatus','queryAllPluginInfo','admin','admin',0,0,0,'2');
insert into tsys_user_right (trans_code,sub_trans_code,user_id,create_by,create_date,begin_date,end_date,right_flag) values ('bizSysStatus','queryBizkernelMonitor','admin','admin',0,0,0,'1');
insert into tsys_user_right (trans_code,sub_trans_code,user_id,create_by,create_date,begin_date,end_date,right_flag) values ('bizSysStatus','queryBizkernelMonitor','admin','admin',0,0,0,'2');
insert into tsys_user_right (trans_code,sub_trans_code,user_id,create_by,create_date,begin_date,end_date,right_flag) values ('bizSysStatus','queryConnectedNodes','admin','admin',0,0,0,'1');
insert into tsys_user_right (trans_code,sub_trans_code,user_id,create_by,create_date,begin_date,end_date,right_flag) values ('bizSysStatus','queryConnectedNodes','admin','admin',0,0,0,'2');
insert into tsys_user_right (trans_code,sub_trans_code,user_id,create_by,create_date,begin_date,end_date,right_flag) values ('bizSysStatus','queryEventChains','admin','admin',0,0,0,'1');
insert into tsys_user_right (trans_code,sub_trans_code,user_id,create_by,create_date,begin_date,end_date,right_flag) values ('bizSysStatus','queryEventChains','admin','admin',0,0,0,'2');
insert into tsys_user_right (trans_code,sub_trans_code,user_id,create_by,create_date,begin_date,end_date,right_flag) values ('bizSysStatus','registerCache','admin','admin',0,0,0,'1');
insert into tsys_user_right (trans_code,sub_trans_code,user_id,create_by,create_date,begin_date,end_date,right_flag) values ('bizSysStatus','registerCache','admin','admin',0,0,0,'2');
insert into tsys_user_right (trans_code,sub_trans_code,user_id,create_by,create_date,begin_date,end_date,right_flag) values ('bizSysStatus','restartMonitorT','admin','admin',0,0,0,'1');
insert into tsys_user_right (trans_code,sub_trans_code,user_id,create_by,create_date,begin_date,end_date,right_flag) values ('bizSysStatus','restartMonitorT','admin','admin',0,0,0,'2');
insert into tsys_user_right (trans_code,sub_trans_code,user_id,create_by,create_date,begin_date,end_date,right_flag) values ('bizSysStatus','startBizkernelMonitor','admin','admin',0,0,0,'1');
insert into tsys_user_right (trans_code,sub_trans_code,user_id,create_by,create_date,begin_date,end_date,right_flag) values ('bizSysStatus','startBizkernelMonitor','admin','admin',0,0,0,'2');
insert into tsys_user_right (trans_code,sub_trans_code,user_id,create_by,create_date,begin_date,end_date,right_flag) values ('bizSysStatus','stopBizkernelMonitor','admin','admin',0,0,0,'1');
insert into tsys_user_right (trans_code,sub_trans_code,user_id,create_by,create_date,begin_date,end_date,right_flag) values ('bizSysStatus','stopBizkernelMonitor','admin','admin',0,0,0,'2');
insert into tsys_user_right (trans_code,sub_trans_code,user_id,create_by,create_date,begin_date,end_date,right_flag) values ('bizSysStatus','unregisterCache','admin','admin',0,0,0,'1');
insert into tsys_user_right (trans_code,sub_trans_code,user_id,create_by,create_date,begin_date,end_date,right_flag) values ('bizSysStatus','unregisterCache','admin','admin',0,0,0,'2');



--修改版本信息
update jres_subsystem_rc  set end_time=sysdate  ,trace_info=''
where subsystem_name='bizframe' and  subsystem_ver='1.0.0';
commit;